Number of rows,Number of columns,Number of iterations
1,2,1
1,2,1
1,2,1
1,2,1
1,2,1
1,2,1
1,2,1
1,2,1
1,2,1
1,2,1
1,2,1
1,2,1
1,2,1
1,2,1
1,2,1
1,2,1
1,2,1
1,2,1
1,2,1
1,2,1
1,2,1
1,2,1
1,2,1
1,2,1
1,2,1
1,2,1
1,2,1
1,2,1
1,2,1
1,2,1
1,2,1
1,2,1
1,2,1
1,2,1
1,2,1
1,2,1
1,2,1
1,2,1
1,2,1
1,2,1
1,2,1
1,2,1
1,2,1
1,2,1
1,2,1
1,2,1
1,2,1
1,2,1
1,2,1
1,2,1
1,2,1
1,2,1
1,2,1
1,2,1
1,2,1
1,2,1
1,2,1
1,2,1
1,2,1
1,2,1
1,2,1
1,2,1
1,2,1
1,2,1
1,2,1
1,2,1
1,2,1
1,2,1
1,2,1
1,2,1
1,2,1
1,2,1
1,2,1
1,2,1
1,2,1
1,2,1
1,2,1
1,2,1
1,2,1
1,2,1
1,2,1
1,2,1
1,2,1
1,2,1
1,2,1
1,2,1
1,2,1
1,2,1
1,2,1
1,2,1
1,2,1
1,2,1
1,2,1
1,2,1
1,2,1
1,2,1
1,2,1
1,2,1
1,2,1
1,2,1
1,3,3
1,3,2
1,3,2
1,3,3
1,3,2
1,3,3
1,3,3
1,3,3
1,3,3
1,3,3
1,3,2
1,3,3
1,3,3
1,3,2
1,3,2
1,3,2
1,3,2
1,3,3
1,3,2
1,3,2
1,3,2
1,3,3
1,3,2
1,3,2
1,3,2
1,3,2
1,3,2
1,3,3
1,3,2
1,3,3
1,3,2
1,3,2
1,3,3
1,3,3
1,3,2
1,3,3
1,3,3
1,3,3
1,3,2
1,3,2
1,3,3
1,3,3
1,3,2
1,3,2
1,3,3
1,3,2
1,3,3
1,3,2
1,3,3
1,3,3
1,3,2
1,3,2
1,3,2
1,3,3
1,3,3
1,3,3
1,3,2
1,3,2
1,3,3
1,3,3
1,3,3
1,3,3
1,3,3
1,3,2
1,3,2
1,3,2
1,3,2
1,3,2
1,3,2
1,3,3
1,3,3
1,3,2
1,3,2
1,3,3
1,3,2
1,3,2
1,3,2
1,3,2
1,3,3
1,3,2
1,3,2
1,3,2
1,3,3
1,3,3
1,3,3
1,3,3
1,3,2
1,3,2
1,3,2
1,3,3
1,3,2
1,3,2
1,3,3
1,3,3
1,3,3
1,3,2
1,3,2
1,3,2
1,3,2
1,3,3
1,4,10
1,4,22
1,4,16
1,4,17
1,4,19
1,4,21
1,4,24
1,4,20
1,4,21
1,4,16
1,4,15
1,4,15
1,4,20
1,4,19
1,4,20
1,4,19
1,4,17
1,4,20
1,4,16
1,4,14
1,4,19
1,4,20
1,4,12
1,4,24
1,4,18
1,4,16
1,4,18
1,4,20
1,4,18
1,4,19
1,4,23
1,4,18
1,4,18
1,4,22
1,4,21
1,4,23
1,4,22
1,4,22
1,4,24
1,4,18
1,4,20
1,4,24
1,4,16
1,4,19
1,4,11
1,4,21
1,4,12
1,4,17
1,4,9
1,4,22
1,4,20
1,4,20
1,4,11
1,4,15
1,4,14
1,4,11
1,4,18
1,4,15
1,4,21
1,4,18
1,4,12
1,4,21
1,4,22
1,4,18
1,4,22
1,4,19
1,4,17
1,4,19
1,4,15
1,4,18
1,4,22
1,4,18
1,4,17
1,4,10
1,4,18
1,4,18
1,4,16
1,4,18
1,4,22
1,4,22
1,4,19
1,4,18
1,4,9
1,4,16
1,4,22
1,4,14
1,4,16
1,4,23
1,4,18
1,4,20
1,4,23
1,4,22
1,4,20
1,4,16
1,4,11
1,4,22
1,4,9
1,4,24
1,4,23
1,4,14
1,5,24
1,5,18
1,5,11
1,5,30
1,5,25
1,5,28
1,5,39
1,5,31
1,5,43
1,5,35
1,5,26
1,5,32
1,5,39
1,5,32
1,5,40
1,5,29
1,5,28
1,5,41
1,5,37
1,5,44
1,5,36
1,5,36
1,5,40
1,5,23
1,5,28
1,5,39
1,5,26
1,5,38
1,5,40
1,5,40
1,5,36
1,5,31
1,5,27
1,5,38
1,5,41
1,5,23
1,5,32
1,5,43
1,5,41
1,5,32
1,5,30
1,5,27
1,5,37
1,5,36
1,5,32
1,5,23
1,5,37
1,5,29
1,5,39
1,5,47
1,5,43
1,5,36
1,5,41
1,5,36
1,5,40
1,5,18
1,5,38
1,5,23
1,5,33
1,5,21
1,5,39
1,5,36
1,5,41
1,5,38
1,5,34
1,5,21
1,5,26
1,5,23
1,5,41
1,5,37
1,5,26
1,5,39
1,5,13
1,5,44
1,5,41
1,5,26
1,5,15
1,5,32
1,5,12
1,5,37
1,5,32
1,5,33
1,5,27
1,5,42
1,5,39
1,5,37
1,5,32
1,5,38
1,5,32
1,5,33
1,5,18
1,5,42
1,5,27
1,5,32
1,5,29
1,5,35
1,5,23
1,5,29
1,5,34
1,5,40
1,6,75
1,6,74
1,6,73
1,6,77
1,6,57
1,6,65
1,6,61
1,6,53
1,6,63
1,6,56
1,6,16
1,6,52
1,6,80
1,6,67
1,6,72
1,6,80
1,6,92
1,6,43
1,6,71
1,6,23
1,6,47
1,6,54
1,6,65
1,6,78
1,6,81
1,6,53
1,6,41
1,6,77
1,6,36
1,6,16
1,6,61
1,6,86
1,6,62
1,6,72
1,6,77
1,6,87
1,6,82
1,6,55
1,6,30
1,6,55
1,6,72
1,6,76
1,6,85
1,6,73
1,6,60
1,6,61
1,6,76
1,6,76
1,6,76
1,6,89
1,6,80
1,6,69
1,6,79
1,6,79
1,6,60
1,6,85
1,6,65
1,6,77
1,6,71
1,6,81
1,6,81
1,6,21
1,6,75
1,6,69
1,6,83
1,6,82
1,6,86
1,6,53
1,6,88
1,6,78
1,6,81
1,6,79
1,6,23
1,6,80
1,6,78
1,6,59
1,6,74
1,6,30
1,6,27
1,6,80
1,6,81
1,6,87
1,6,82
1,6,79
1,6,89
1,6,67
1,6,65
1,6,42
1,6,77
1,6,80
1,6,79
1,6,29
1,6,47
1,6,76
1,6,74
1,6,62
1,6,51
1,6,65
1,6,28
1,6,66
1,7,111
1,7,121
1,7,36
1,7,130
1,7,129
1,7,94
1,7,109
1,7,111
1,7,99
1,7,121
1,7,34
1,7,120
1,7,117
1,7,131
1,7,68
1,7,83
1,7,79
1,7,99
1,7,37
1,7,87
1,7,111
1,7,104
1,7,115
1,7,126
1,7,121
1,7,115
1,7,32
1,7,64
1,7,107
1,7,35
1,7,125
1,7,119
1,7,99
1,7,120
1,7,99
1,7,89
1,7,124
1,7,122
1,7,58
1,7,84
1,7,116
1,7,104
1,7,51
1,7,43
1,7,110
1,7,116
1,7,111
1,7,115
1,7,99
1,7,129
1,7,134
1,7,112
1,7,67
1,7,88
1,7,132
1,7,125
1,7,89
1,7,116
1,7,131
1,7,124
1,7,69
1,7,109
1,7,127
1,7,92
1,7,99
1,7,128
1,7,95
1,7,36
1,7,98
1,7,106
1,7,124
1,7,126
1,7,140
1,7,119
1,7,94
1,7,83
1,7,109
1,7,114
1,7,96
1,7,137
1,7,56
1,7,107
1,7,127
1,7,122
1,7,122
1,7,71
1,7,115
1,7,121
1,7,74
1,7,109
1,7,112
1,7,121
1,7,134
1,7,95
1,7,123
1,7,115
1,7,90
1,7,136
1,7,113
1,7,127
1,8,204
1,8,206
1,8,200
1,8,190
1,8,172
1,8,114
1,8,210
1,8,138
1,8,222
1,8,205
1,8,175
1,8,170
1,8,198
1,8,185
1,8,210
1,8,183
1,8,175
1,8,82
1,8,216
1,8,133
1,8,219
1,8,186
1,8,161
1,8,135
1,8,120
1,8,152
1,8,227
1,8,189
1,8,167
1,8,155
1,8,185
1,8,171
1,8,168
1,8,184
1,8,167
1,8,154
1,8,190
1,8,165
1,8,96
1,8,181
1,8,195
1,8,199
1,8,87
1,8,212
1,8,200
1,8,173
1,8,104
1,8,113
1,8,168
1,8,201
1,8,151
1,8,150
1,8,169
1,8,188
1,8,158
1,8,131
1,8,176
1,8,117
1,8,216
1,8,169
1,8,46
1,8,151
1,8,223
1,8,170
1,8,206
1,8,185
1,8,179
1,8,156
1,8,140
1,8,225
1,8,33
1,8,169
1,8,100
1,8,120
1,8,163
1,8,127
1,8,153
1,8,206
1,8,43
1,8,189
1,8,209
1,8,130
1,8,144
1,8,148
1,8,209
1,8,195
1,8,176
1,8,62
1,8,157
1,8,194
1,8,115
1,8,211
1,8,171
1,8,190
1,8,201
1,8,116
1,8,167
1,8,159
1,8,126
1,8,154
1,9,217
1,9,105
1,9,187
1,9,263
1,9,253
1,9,56
1,9,197
1,9,239
1,9,133
1,9,253
1,9,241
1,9,306
1,9,293
1,9,264
1,9,211
1,9,273
1,9,260
1,9,186
1,9,233
1,9,209
1,9,274
1,9,225
1,9,249
1,9,163
1,9,104
1,9,208
1,9,278
1,9,270
1,9,267
1,9,210
1,9,101
1,9,167
1,9,298
1,9,177
1,9,284
1,9,238
1,9,285
1,9,236
1,9,175
1,9,252
1,9,268
1,9,169
1,9,51
1,9,241
1,9,92
1,9,231
1,9,187
1,9,298
1,9,253
1,9,289
1,9,108
1,9,242
1,9,187
1,9,268
1,9,175
1,9,203
1,9,273
1,9,148
1,9,205
1,9,280
1,9,186
1,9,231
1,9,284
1,9,207
1,9,147
1,9,266
1,9,231
1,9,158
1,9,229
1,9,264
1,9,296
1,9,173
1,9,260
1,9,278
1,9,208
1,9,172
1,9,282
1,9,262
1,9,232
1,9,225
1,9,177
1,9,179
1,9,131
1,9,177
1,9,168
1,9,167
1,9,176
1,9,253
1,9,146
1,9,256
1,9,156
1,9,255
1,9,243
1,9,98
1,9,174
1,9,262
1,9,246
1,9,238
1,9,226
1,9,168
1,10,350
1,10,258
1,10,249
1,10,283
1,10,392
1,10,449
1,10,378
1,10,369
1,10,392
1,10,368
1,10,319
1,10,283
1,10,372
1,10,327
1,10,301
1,10,429
1,10,253
1,10,223
1,10,369
1,10,390
1,10,272
1,10,282
1,10,304
1,10,259
1,10,320
1,10,368
1,10,395
1,10,133
1,10,378
1,10,342
1,10,310
1,10,258
1,10,293
1,10,357
1,10,372
1,10,395
1,10,254
1,10,309
1,10,293
1,10,237
1,10,277
1,10,373
1,10,377
1,10,189
1,10,241
1,10,371
1,10,345
1,10,419
1,10,110
1,10,336
1,10,357
1,10,353
1,10,276
1,10,285
1,10,331
1,10,400
1,10,266
1,10,352
1,10,359
1,10,410
1,10,426
1,10,408
1,10,312
1,10,263
1,10,310
1,10,165
1,10,392
1,10,198
1,10,229
1,10,182
1,10,394
1,10,334
1,10,349
1,10,276
1,10,288
1,10,355
1,10,256
1,10,285
1,10,355
1,10,292
1,10,201
1,10,266
1,10,369
1,10,376
1,10,87
1,10,387
1,10,252
1,10,329
1,10,256
1,10,361
1,10,375
1,10,388
1,10,347
1,10,241
1,10,344
1,10,380
1,10,161
1,10,235
1,10,252
1,10,213
2,1,1
2,1,1
2,1,1
2,1,1
2,1,1
2,1,1
2,1,1
2,1,1
2,1,1
2,1,1
2,1,1
2,1,1
2,1,1
2,1,1
2,1,1
2,1,1
2,1,1
2,1,1
2,1,1
2,1,1
2,1,1
2,1,1
2,1,1
2,1,1
2,1,1
2,1,1
2,1,1
2,1,1
2,1,1
2,1,1
2,1,1
2,1,1
2,1,1
2,1,1
2,1,1
2,1,1
2,1,1
2,1,1
2,1,1
2,1,1
2,1,1
2,1,1
2,1,1
2,1,1
2,1,1
2,1,1
2,1,1
2,1,1
2,1,1
2,1,1
2,1,1
2,1,1
2,1,1
2,1,1
2,1,1
2,1,1
2,1,1
2,1,1
2,1,1
2,1,1
2,1,1
2,1,1
2,1,1
2,1,1
2,1,1
2,1,1
2,1,1
2,1,1
2,1,1
2,1,1
2,1,1
2,1,1
2,1,1
2,1,1
2,1,1
2,1,1
2,1,1
2,1,1
2,1,1
2,1,1
2,1,1
2,1,1
2,1,1
2,1,1
2,1,1
2,1,1
2,1,1
2,1,1
2,1,1
2,1,1
2,1,1
2,1,1
2,1,1
2,1,1
2,1,1
2,1,1
2,1,1
2,1,1
2,1,1
2,1,1
2,2,10
2,2,7
2,2,5
2,2,7
2,2,4
2,2,6
2,2,8
2,2,4
2,2,11
2,2,4
2,2,4
2,2,5
2,2,5
2,2,4
2,2,5
2,2,4
2,2,7
2,2,6
2,2,5
2,2,6
2,2,5
2,2,4
2,2,4
2,2,5
2,2,4
2,2,12
2,2,5
2,2,4
2,2,4
2,2,8
2,2,4
2,2,4
2,2,5
2,2,4
2,2,6
2,2,4
2,2,6
2,2,5
2,2,5
2,2,4
2,2,9
2,2,5
2,2,4
2,2,4
2,2,5
2,2,11
2,2,4
2,2,7
2,2,6
2,2,7
2,2,4
2,2,5
2,2,5
2,2,4
2,2,4
2,2,4
2,2,5
2,2,4
2,2,5
2,2,5
2,2,4
2,2,4
2,2,6
2,2,6
2,2,5
2,2,5
2,2,5
2,2,5
2,2,9
2,2,5
2,2,6
2,2,4
2,2,5
2,2,4
2,2,5
2,2,4
2,2,5
2,2,4
2,2,4
2,2,9
2,2,7
2,2,4
2,2,5
2,2,5
2,2,4
2,2,9
2,2,5
2,2,4
2,2,6
2,2,5
2,2,5
2,2,4
2,2,6
2,2,5
2,2,9
2,2,5
2,2,6
2,2,6
2,2,4
2,2,4
2,3,28
2,3,24
2,3,15
2,3,24
2,3,20
2,3,20
2,3,29
2,3,29
2,3,23
2,3,24
2,3,18
2,3,25
2,3,18
2,3,25
2,3,30
2,3,30
2,3,20
2,3,19
2,3,20
2,3,26
2,3,25
2,3,33
2,3,19
2,3,16
2,3,22
2,3,28
2,3,19
2,3,24
2,3,24
2,3,27
2,3,23
2,3,29
2,3,24
2,3,26
2,3,17
2,3,21
2,3,28
2,3,28
2,3,27
2,3,22
2,3,26
2,3,29
2,3,29
2,3,27
2,3,30
2,3,27
2,3,17
2,3,24
2,3,31
2,3,27
2,3,15
2,3,31
2,3,26
2,3,22
2,3,26
2,3,25
2,3,16
2,3,24
2,3,13
2,3,23
2,3,27
2,3,15
2,3,22
2,3,32
2,3,30
2,3,19
2,3,23
2,3,23
2,3,13
2,3,24
2,3,16
2,3,24
2,3,31
2,3,14
2,3,33
2,3,21
2,3,27
2,3,20
2,3,16
2,3,30
2,3,17
2,3,29
2,3,20
2,3,24
2,3,24
2,3,27
2,3,33
2,3,14
2,3,21
2,3,25
2,3,14
2,3,23
2,3,27
2,3,12
2,3,30
2,3,14
2,3,25
2,3,18
2,3,20
2,3,34
2,4,38
2,4,73
2,4,71
2,4,78
2,4,60
2,4,50
2,4,46
2,4,67
2,4,72
2,4,55
2,4,45
2,4,82
2,4,73
2,4,76
2,4,64
2,4,55
2,4,68
2,4,60
2,4,60
2,4,60
2,4,27
2,4,77
2,4,81
2,4,77
2,4,83
2,4,59
2,4,64
2,4,79
2,4,89
2,4,73
2,4,66
2,4,53
2,4,38
2,4,74
2,4,58
2,4,60
2,4,82
2,4,44
2,4,73
2,4,67
2,4,80
2,4,51
2,4,34
2,4,72
2,4,62
2,4,41
2,4,64
2,4,88
2,4,75
2,4,78
2,4,68
2,4,85
2,4,50
2,4,31
2,4,43
2,4,62
2,4,44
2,4,49
2,4,65
2,4,87
2,4,69
2,4,72
2,4,46
2,4,84
2,4,66
2,4,63
2,4,58
2,4,62
2,4,61
2,4,70
2,4,54
2,4,25
2,4,47
2,4,30
2,4,64
2,4,78
2,4,19
2,4,78
2,4,56
2,4,76
2,4,35
2,4,65
2,4,72
2,4,76
2,4,75
2,4,56
2,4,59
2,4,73
2,4,17
2,4,74
2,4,66
2,4,75
2,4,85
2,4,79
2,4,71
2,4,22
2,4,69
2,4,84
2,4,84
2,4,79
2,5,98
2,5,154
2,5,102
2,5,115
2,5,111
2,5,133
2,5,112
2,5,84
2,5,56
2,5,138
2,5,149
2,5,130
2,5,125
2,5,115
2,5,132
2,5,125
2,5,70
2,5,118
2,5,149
2,5,130
2,5,37
2,5,113
2,5,149
2,5,129
2,5,119
2,5,109
2,5,134
2,5,156
2,5,74
2,5,145
2,5,103
2,5,100
2,5,147
2,5,129
2,5,164
2,5,124
2,5,120
2,5,134
2,5,121
2,5,162
2,5,124
2,5,134
2,5,130
2,5,112
2,5,130
2,5,147
2,5,139
2,5,107
2,5,126
2,5,131
2,5,134
2,5,153
2,5,128
2,5,141
2,5,133
2,5,96
2,5,120
2,5,135
2,5,145
2,5,126
2,5,143
2,5,81
2,5,152
2,5,102
2,5,120
2,5,130
2,5,49
2,5,37
2,5,144
2,5,143
2,5,73
2,5,110
2,5,108
2,5,111
2,5,118
2,5,134
2,5,143
2,5,73
2,5,130
2,5,54
2,5,135
2,5,92
2,5,146
2,5,151
2,5,127
2,5,136
2,5,114
2,5,135
2,5,101
2,5,119
2,5,131
2,5,144
2,5,86
2,5,138
2,5,126
2,5,127
2,5,146
2,5,41
2,5,138
2,5,148
2,6,140
2,6,257
2,6,185
2,6,200
2,6,69
2,6,212
2,6,222
2,6,283
2,6,243
2,6,163
2,6,173
2,6,271
2,6,202
2,6,201
2,6,218
2,6,258
2,6,272
2,6,237
2,6,192
2,6,278
2,6,135
2,6,151
2,6,293
2,6,154
2,6,69
2,6,247
2,6,235
2,6,145
2,6,214
2,6,243
2,6,284
2,6,193
2,6,207
2,6,296
2,6,191
2,6,161
2,6,223
2,6,159
2,6,243
2,6,262
2,6,233
2,6,257
2,6,266
2,6,169
2,6,237
2,6,268
2,6,270
2,6,233
2,6,281
2,6,187
2,6,224
2,6,235
2,6,219
2,6,167
2,6,258
2,6,208
2,6,231
2,6,292
2,6,268
2,6,246
2,6,183
2,6,156
2,6,213
2,6,196
2,6,216
2,6,287
2,6,260
2,6,231
2,6,157
2,6,263
2,6,142
2,6,217
2,6,272
2,6,224
2,6,249
2,6,246
2,6,216
2,6,220
2,6,196
2,6,239
2,6,270
2,6,256
2,6,62
2,6,198
2,6,227
2,6,267
2,6,244
2,6,165
2,6,232
2,6,242
2,6,296
2,6,166
2,6,218
2,6,241
2,6,66
2,6,222
2,6,209
2,6,109
2,6,230
2,6,217
2,7,112
2,7,404
2,7,301
2,7,237
2,7,398
2,7,377
2,7,125
2,7,449
2,7,325
2,7,398
2,7,283
2,7,272
2,7,365
2,7,358
2,7,222
2,7,338
2,7,321
2,7,384
2,7,405
2,7,293
2,7,400
2,7,381
2,7,350
2,7,222
2,7,320
2,7,433
2,7,435
2,7,321
2,7,201
2,7,315
2,7,372
2,7,93
2,7,386
2,7,208
2,7,306
2,7,257
2,7,182
2,7,353
2,7,308
2,7,349
2,7,137
2,7,345
2,7,118
2,7,304
2,7,358
2,7,168
2,7,185
2,7,129
2,7,363
2,7,351
2,7,369
2,7,165
2,7,294
2,7,331
2,7,261
2,7,396
2,7,420
2,7,368
2,7,341
2,7,252
2,7,345
2,7,433
2,7,381
2,7,221
2,7,176
2,7,373
2,7,412
2,7,308
2,7,376
2,7,354
2,7,276
2,7,367
2,7,425
2,7,346
2,7,372
2,7,382
2,7,282
2,7,385
2,7,82
2,7,342
2,7,406
2,7,260
2,7,397
2,7,306
2,7,235
2,7,371
2,7,405
2,7,430
2,7,323
2,7,386
2,7,262
2,7,353
2,7,370
2,7,180
2,7,309
2,7,353
2,7,395
2,7,351
2,7,391
2,7,344
2,8,428
2,8,520
2,8,539
2,8,493
2,8,636
2,8,620
2,8,300
2,8,506
2,8,312
2,8,504
2,8,413
2,8,574
2,8,600
2,8,552
2,8,573
2,8,442
2,8,355
2,8,574
2,8,558
2,8,148
2,8,146
2,8,610
2,8,643
2,8,472
2,8,149
2,8,442
2,8,281
2,8,472
2,8,581
2,8,628
2,8,657
2,8,443
2,8,430
2,8,526
2,8,565
2,8,365
2,8,138
2,8,513
2,8,368
2,8,621
2,8,508
2,8,535
2,8,190
2,8,513
2,8,598
2,8,504
2,8,596
2,8,212
2,8,457
2,8,559
2,8,172
2,8,384
2,8,569
2,8,639
2,8,471
2,8,518
2,8,346
2,8,578
2,8,333
2,8,683
2,8,500
2,8,113
2,8,644
2,8,592
2,8,553
2,8,593
2,8,572
2,8,643
2,8,485
2,8,528
2,8,359
2,8,521
2,8,564
2,8,159
2,8,186
2,8,569
2,8,628
2,8,658
2,8,160
2,8,566
2,8,624
2,8,570
2,8,524
2,8,534
2,8,540
2,8,666
2,8,557
2,8,563
2,8,387
2,8,504
2,8,606
2,8,470
2,8,379
2,8,690
2,8,327
2,8,511
2,8,680
2,8,519
2,8,594
2,8,490
2,9,822
2,9,821
2,9,785
2,9,608
2,9,889
2,9,617
2,9,679
2,9,796
2,9,535
2,9,818
2,9,802
2,9,335
2,9,612
2,9,822
2,9,754
2,9,788
2,9,868
2,9,171
2,9,377
2,9,264
2,9,553
2,9,923
2,9,702
2,9,588
2,9,622
2,9,880
2,9,869
2,9,800
2,9,516
2,9,592
2,9,595
2,9,762
2,9,813
2,9,771
2,9,815
2,9,777
2,9,714
2,9,746
2,9,846
2,9,801
2,9,844
2,9,453
2,9,518
2,9,768
2,9,821
2,9,513
2,9,870
2,9,664
2,9,252
2,9,662
2,9,817
2,9,781
2,9,601
2,9,650
2,9,744
2,9,291
2,9,657
2,9,269
2,9,959
2,9,893
2,9,787
2,9,832
2,9,276
2,9,739
2,9,795
2,9,247
2,9,601
2,9,727
2,9,708
2,9,858
2,9,704
2,9,764
2,9,729
2,9,810
2,9,323
2,9,733
2,9,896
2,9,697
2,9,601
2,9,534
2,9,778
2,9,534
2,9,668
2,9,323
2,9,831
2,9,256
2,9,385
2,9,594
2,9,568
2,9,893
2,9,813
2,9,660
2,9,982
2,9,888
2,9,283
2,9,895
2,9,674
2,9,372
2,9,868
2,9,581
2,10,816
2,10,1104
2,10,1212
2,10,733
2,10,1031
2,10,758
2,10,1087
2,10,634
2,10,1171
2,10,414
2,10,889
2,10,1067
2,10,1113
2,10,1102
2,10,496
2,10,1293
2,10,786
2,10,369
2,10,1240
2,10,1271
2,10,991
2,10,1110
2,10,1137
2,10,672
2,10,1180
2,10,1117
2,10,1232
2,10,921
2,10,576
2,10,1166
2,10,981
2,10,1071
2,10,549
2,10,1030
2,10,860
2,10,842
2,10,690
2,10,1140
2,10,1102
2,10,500
2,10,413
2,10,1072
2,10,792
2,10,454
2,10,485
2,10,1103
2,10,753
2,10,1325
2,10,817
2,10,902
2,10,832
2,10,1274
2,10,226
2,10,1082
2,10,293
2,10,1116
2,10,1029
2,10,995
2,10,949
2,10,1053
2,10,1111
2,10,1119
2,10,1019
2,10,962
2,10,1111
2,10,1029
2,10,977
2,10,1133
2,10,858
2,10,464
2,10,805
2,10,1179
2,10,878
2,10,1097
2,10,987
2,10,878
2,10,923
2,10,1025
2,10,1116
2,10,726
2,10,1032
2,10,1007
2,10,763
2,10,1129
2,10,1169
2,10,806
2,10,361
2,10,788
2,10,1198
2,10,451
2,10,1198
2,10,919
2,10,1242
2,10,448
2,10,571
2,10,322
2,10,256
2,10,1074
2,10,1105
2,10,1057
3,1,2
3,1,2
3,1,2
3,1,2
3,1,2
3,1,3
3,1,2
3,1,3
3,1,3
3,1,2
3,1,2
3,1,3
3,1,2
3,1,2
3,1,3
3,1,2
3,1,2
3,1,3
3,1,2
3,1,2
3,1,2
3,1,3
3,1,3
3,1,3
3,1,2
3,1,2
3,1,3
3,1,3
3,1,2
3,1,3
3,1,2
3,1,3
3,1,3
3,1,2
3,1,3
3,1,2
3,1,2
3,1,3
3,1,2
3,1,2
3,1,3
3,1,3
3,1,2
3,1,3
3,1,2
3,1,2
3,1,2
3,1,3
3,1,2
3,1,2
3,1,2
3,1,3
3,1,3
3,1,2
3,1,3
3,1,2
3,1,2
3,1,2
3,1,3
3,1,3
3,1,3
3,1,2
3,1,2
3,1,2
3,1,2
3,1,2
3,1,2
3,1,2
3,1,3
3,1,2
3,1,3
3,1,3
3,1,2
3,1,2
3,1,3
3,1,3
3,1,2
3,1,3
3,1,3
3,1,3
3,1,3
3,1,2
3,1,2
3,1,2
3,1,3
3,1,2
3,1,3
3,1,2
3,1,3
3,1,2
3,1,2
3,1,3
3,1,3
3,1,2
3,1,2
3,1,2
3,1,2
3,1,2
3,1,3
3,1,2
3,2,23
3,2,25
3,2,15
3,2,21
3,2,27
3,2,27
3,2,27
3,2,24
3,2,26
3,2,28
3,2,15
3,2,24
3,2,29
3,2,27
3,2,21
3,2,28
3,2,11
3,2,29
3,2,17
3,2,25
3,2,22
3,2,14
3,2,15
3,2,14
3,2,30
3,2,27
3,2,29
3,2,14
3,2,25
3,2,16
3,2,12
3,2,18
3,2,23
3,2,14
3,2,24
3,2,27
3,2,19
3,2,30
3,2,24
3,2,13
3,2,31
3,2,23
3,2,29
3,2,27
3,2,28
3,2,26
3,2,27
3,2,27
3,2,14
3,2,28
3,2,14
3,2,26
3,2,20
3,2,24
3,2,21
3,2,18
3,2,24
3,2,20
3,2,23
3,2,13
3,2,26
3,2,12
3,2,25
3,2,21
3,2,29
3,2,26
3,2,14
3,2,26
3,2,17
3,2,19
3,2,27
3,2,33
3,2,23
3,2,28
3,2,21
3,2,24
3,2,26
3,2,25
3,2,22
3,2,23
3,2,16
3,2,11
3,2,15
3,2,30
3,2,29
3,2,29
3,2,27
3,2,12
3,2,17
3,2,26
3,2,28
3,2,24
3,2,16
3,2,26
3,2,29
3,2,29
3,2,25
3,2,21
3,2,14
3,2,32
3,3,35
3,3,54
3,3,33
3,3,47
3,3,53
3,3,35
3,3,50
3,3,40
3,3,49
3,3,44
3,3,42
3,3,38
3,3,44
3,3,29
3,3,50
3,3,49
3,3,49
3,3,52
3,3,43
3,3,53
3,3,49
3,3,51
3,3,51
3,3,54
3,3,55
3,3,45
3,3,44
3,3,48
3,3,45
3,3,44
3,3,45
3,3,46
3,3,49
3,3,47
3,3,47
3,3,52
3,3,46
3,3,55
3,3,23
3,3,54
3,3,46
3,3,46
3,3,46
3,3,49
3,3,53
3,3,45
3,3,49
3,3,44
3,3,53
3,3,35
3,3,49
3,3,58
3,3,49
3,3,28
3,3,55
3,3,47
3,3,33
3,3,46
3,3,52
3,3,52
3,3,47
3,3,44
3,3,39
3,3,49
3,3,45
3,3,41
3,3,43
3,3,47
3,3,50
3,3,50
3,3,55
3,3,50
3,3,44
3,3,56
3,3,44
3,3,52
3,3,56
3,3,51
3,3,52
3,3,45
3,3,47
3,3,46
3,3,49
3,3,48
3,3,50
3,3,47
3,3,35
3,3,49
3,3,46
3,3,51
3,3,37
3,3,42
3,3,48
3,3,50
3,3,49
3,3,51
3,3,46
3,3,51
3,3,49
3,3,46
3,4,153
3,4,68
3,4,84
3,4,131
3,4,129
3,4,124
3,4,134
3,4,100
3,4,128
3,4,91
3,4,127
3,4,86
3,4,70
3,4,72
3,4,68
3,4,115
3,4,122
3,4,74
3,4,120
3,4,67
3,4,106
3,4,101
3,4,126
3,4,115
3,4,73
3,4,117
3,4,121
3,4,85
3,4,72
3,4,73
3,4,130
3,4,98
3,4,105
3,4,121
3,4,78
3,4,109
3,4,56
3,4,110
3,4,133
3,4,103
3,4,111
3,4,65
3,4,132
3,4,102
3,4,68
3,4,74
3,4,110
3,4,114
3,4,134
3,4,97
3,4,122
3,4,124
3,4,117
3,4,106
3,4,120
3,4,117
3,4,132
3,4,44
3,4,78
3,4,114
3,4,116
3,4,113
3,4,143
3,4,43
3,4,99
3,4,134
3,4,99
3,4,132
3,4,112
3,4,118
3,4,145
3,4,88
3,4,133
3,4,93
3,4,75
3,4,77
3,4,60
3,4,58
3,4,129
3,4,101
3,4,126
3,4,76
3,4,62
3,4,95
3,4,66
3,4,78
3,4,106
3,4,123
3,4,145
3,4,61
3,4,111
3,4,113
3,4,108
3,4,86
3,4,128
3,4,81
3,4,125
3,4,68
3,4,117
3,4,145
3,5,179
3,5,173
3,5,216
3,5,102
3,5,201
3,5,195
3,5,183
3,5,223
3,5,213
3,5,201
3,5,186
3,5,228
3,5,223
3,5,179
3,5,204
3,5,253
3,5,78
3,5,253
3,5,142
3,5,69
3,5,162
3,5,209
3,5,203
3,5,100
3,5,88
3,5,252
3,5,110
3,5,199
3,5,142
3,5,223
3,5,248
3,5,194
3,5,230
3,5,234
3,5,169
3,5,166
3,5,161
3,5,80
3,5,253
3,5,245
3,5,251
3,5,195
3,5,225
3,5,184
3,5,232
3,5,240
3,5,200
3,5,70
3,5,223
3,5,189
3,5,235
3,5,196
3,5,255
3,5,220
3,5,229
3,5,194
3,5,246
3,5,171
3,5,82
3,5,76
3,5,225
3,5,215
3,5,236
3,5,235
3,5,272
3,5,140
3,5,240
3,5,196
3,5,234
3,5,63
3,5,203
3,5,220
3,5,235
3,5,252
3,5,98
3,5,108
3,5,202
3,5,138
3,5,126
3,5,159
3,5,208
3,5,219
3,5,194
3,5,110
3,5,212
3,5,240
3,5,147
3,5,158
3,5,196
3,5,213
3,5,141
3,5,59
3,5,102
3,5,195
3,5,153
3,5,212
3,5,205
3,5,251
3,5,158
3,5,233
3,6,362
3,6,351
3,6,396
3,6,474
3,6,118
3,6,236
3,6,447
3,6,423
3,6,276
3,6,351
3,6,184
3,6,410
3,6,272
3,6,363
3,6,389
3,6,257
3,6,362
3,6,447
3,6,311
3,6,418
3,6,474
3,6,107
3,6,356
3,6,341
3,6,500
3,6,251
3,6,431
3,6,276
3,6,306
3,6,483
3,6,294
3,6,235
3,6,319
3,6,340
3,6,337
3,6,241
3,6,419
3,6,434
3,6,115
3,6,346
3,6,403
3,6,395
3,6,470
3,6,344
3,6,260
3,6,493
3,6,398
3,6,310
3,6,272
3,6,262
3,6,128
3,6,203
3,6,190
3,6,402
3,6,200
3,6,438
3,6,393
3,6,420
3,6,401
3,6,201
3,6,418
3,6,259
3,6,291
3,6,396
3,6,111
3,6,341
3,6,164
3,6,468
3,6,352
3,6,389
3,6,348
3,6,381
3,6,391
3,6,358
3,6,463
3,6,361
3,6,373
3,6,413
3,6,405
3,6,166
3,6,272
3,6,413
3,6,201
3,6,440
3,6,366
3,6,333
3,6,366
3,6,475
3,6,429
3,6,416
3,6,375
3,6,384
3,6,175
3,6,364
3,6,99
3,6,430
3,6,249
3,6,377
3,6,311
3,6,462
3,7,541
3,7,591
3,7,149
3,7,541
3,7,419
3,7,188
3,7,582
3,7,534
3,7,652
3,7,541
3,7,524
3,7,615
3,7,474
3,7,555
3,7,400
3,7,464
3,7,607
3,7,635
3,7,166
3,7,646
3,7,587
3,7,708
3,7,543
3,7,650
3,7,715
3,7,569
3,7,585
3,7,166
3,7,252
3,7,480
3,7,620
3,7,507
3,7,648
3,7,391
3,7,689
3,7,583
3,7,664
3,7,541
3,7,587
3,7,420
3,7,554
3,7,677
3,7,578
3,7,620
3,7,196
3,7,578
3,7,642
3,7,336
3,7,528
3,7,220
3,7,432
3,7,494
3,7,101
3,7,120
3,7,294
3,7,657
3,7,661
3,7,539
3,7,462
3,7,499
3,7,695
3,7,548
3,7,652
3,7,479
3,7,611
3,7,335
3,7,668
3,7,589
3,7,479
3,7,568
3,7,478
3,7,548
3,7,355
3,7,410
3,7,428
3,7,177
3,7,144
3,7,247
3,7,331
3,7,442
3,7,624
3,7,630
3,7,463
3,7,585
3,7,418
3,7,337
3,7,609
3,7,481
3,7,503
3,7,366
3,7,645
3,7,603
3,7,433
3,7,499
3,7,630
3,7,490
3,7,568
3,7,487
3,7,635
3,7,304
3,8,254
3,8,831
3,8,978
3,8,1089
3,8,864
3,8,545
3,8,703
3,8,280
3,8,494
3,8,801
3,8,868
3,8,580
3,8,884
3,8,965
3,8,1069
3,8,734
3,8,812
3,8,759
3,8,1072
3,8,864
3,8,970
3,8,963
3,8,833
3,8,928
3,8,998
3,8,1117
3,8,917
3,8,812
3,8,431
3,8,317
3,8,1002
3,8,1025
3,8,767
3,8,972
3,8,268
3,8,967
3,8,991
3,8,810
3,8,936
3,8,360
3,8,1040
3,8,836
3,8,869
3,8,757
3,8,681
3,8,984
3,8,798
3,8,867
3,8,814
3,8,1102
3,8,707
3,8,527
3,8,1021
3,8,634
3,8,884
3,8,805
3,8,253
3,8,816
3,8,799
3,8,841
3,8,962
3,8,789
3,8,902
3,8,1037
3,8,758
3,8,700
3,8,793
3,8,941
3,8,1024
3,8,949
3,8,889
3,8,955
3,8,806
3,8,1090
3,8,938
3,8,477
3,8,886
3,8,910
3,8,561
3,8,248
3,8,535
3,8,672
3,8,448
3,8,939
3,8,889
3,8,309
3,8,259
3,8,627
3,8,569
3,8,1009
3,8,795
3,8,281
3,8,937
3,8,1012
3,8,743
3,8,1056
3,8,214
3,8,806
3,8,569
3,8,1134
3,9,915
3,9,1052
3,9,1336
3,9,595
3,9,1136
3,9,549
3,9,894
3,9,1475
3,9,396
3,9,1084
3,9,649
3,9,1159
3,9,1411
3,9,1019
3,9,311
3,9,503
3,9,1544
3,9,1110
3,9,907
3,9,1170
3,9,1227
3,9,1327
3,9,423
3,9,1220
3,9,1343
3,9,1307
3,9,537
3,9,472
3,9,1409
3,9,1313
3,9,821
3,9,1383
3,9,363
3,9,874
3,9,1389
3,9,1191
3,9,1244
3,9,1152
3,9,1109
3,9,1306
3,9,473
3,9,1173
3,9,1305
3,9,1118
3,9,1523
3,9,1357
3,9,1036
3,9,1461
3,9,1045
3,9,1279
3,9,391
3,9,1381
3,9,461
3,9,447
3,9,960
3,9,1051
3,9,1344
3,9,663
3,9,652
3,9,1284
3,9,324
3,9,765
3,9,1425
3,9,1011
3,9,1125
3,9,617
3,9,1266
3,9,1311
3,9,887
3,9,1092
3,9,827
3,9,1373
3,9,1142
3,9,1110
3,9,869
3,9,1234
3,9,630
3,9,1145
3,9,1352
3,9,364
3,9,1368
3,9,891
3,9,747
3,9,855
3,9,804
3,9,1126
3,9,1304
3,9,909
3,9,995
3,9,459
3,9,856
3,9,1303
3,9,715
3,9,662
3,9,1290
3,9,364
3,9,1270
3,9,1208
3,9,502
3,9,366
3,10,2101
3,10,1537
3,10,1415
3,10,427
3,10,1351
3,10,1557
3,10,1144
3,10,1270
3,10,1870
3,10,1647
3,10,984
3,10,1745
3,10,822
3,10,1120
3,10,1496
3,10,1437
3,10,1753
3,10,2094
3,10,1788
3,10,985
3,10,1182
3,10,1620
3,10,738
3,10,1619
3,10,1880
3,10,1535
3,10,1846
3,10,1806
3,10,762
3,10,1591
3,10,1507
3,10,1637
3,10,1112
3,10,638
3,10,1830
3,10,438
3,10,1353
3,10,1380
3,10,1229
3,10,1411
3,10,501
3,10,1790
3,10,1165
3,10,1590
3,10,1276
3,10,2007
3,10,1159
3,10,1044
3,10,872
3,10,727
3,10,1877
3,10,1740
3,10,1994
3,10,770
3,10,1869
3,10,568
3,10,358
3,10,1655
3,10,1704
3,10,1699
3,10,540
3,10,1056
3,10,437
3,10,502
3,10,1589
3,10,1268
3,10,2022
3,10,1412
3,10,1765
3,10,2006
3,10,1645
3,10,1590
3,10,994
3,10,1250
3,10,1551
3,10,1633
3,10,1254
3,10,1860
3,10,955
3,10,631
3,10,1663
3,10,1320
3,10,1029
3,10,2038
3,10,1571
3,10,1939
3,10,1758
3,10,1671
3,10,1903
3,10,1214
3,10,1678
3,10,1318
3,10,1519
3,10,1599
3,10,754
3,10,605
3,10,813
3,10,1699
3,10,1384
3,10,2153
4,1,23
4,1,11
4,1,20
4,1,16
4,1,10
4,1,12
4,1,20
4,1,20
4,1,16
4,1,18
4,1,13
4,1,20
4,1,23
4,1,20
4,1,18
4,1,22
4,1,21
4,1,18
4,1,15
4,1,10
4,1,20
4,1,24
4,1,14
4,1,16
4,1,20
4,1,21
4,1,20
4,1,18
4,1,14
4,1,18
4,1,19
4,1,18
4,1,22
4,1,22
4,1,22
4,1,20
4,1,24
4,1,22
4,1,20
4,1,15
4,1,20
4,1,13
4,1,15
4,1,19
4,1,22
4,1,16
4,1,22
4,1,19
4,1,18
4,1,14
4,1,16
4,1,15
4,1,20
4,1,18
4,1,24
4,1,20
4,1,19
4,1,18
4,1,18
4,1,19
4,1,21
4,1,18
4,1,18
4,1,18
4,1,10
4,1,13
4,1,19
4,1,22
4,1,20
4,1,20
4,1,18
4,1,23
4,1,16
4,1,15
4,1,16
4,1,16
4,1,21
4,1,22
4,1,9
4,1,21
4,1,13
4,1,20
4,1,20
4,1,14
4,1,18
4,1,21
4,1,22
4,1,22
4,1,24
4,1,21
4,1,20
4,1,18
4,1,20
4,1,18
4,1,16
4,1,19
4,1,18
4,1,22
4,1,18
4,1,18
4,2,85
4,2,24
4,2,21
4,2,69
4,2,55
4,2,65
4,2,62
4,2,82
4,2,68
4,2,52
4,2,50
4,2,68
4,2,59
4,2,88
4,2,76
4,2,77
4,2,43
4,2,71
4,2,76
4,2,48
4,2,79
4,2,33
4,2,78
4,2,74
4,2,50
4,2,44
4,2,68
4,2,62
4,2,79
4,2,66
4,2,82
4,2,21
4,2,54
4,2,81
4,2,53
4,2,68
4,2,83
4,2,54
4,2,66
4,2,63
4,2,65
4,2,62
4,2,66
4,2,71
4,2,83
4,2,83
4,2,80
4,2,80
4,2,66
4,2,35
4,2,72
4,2,73
4,2,71
4,2,42
4,2,52
4,2,82
4,2,63
4,2,50
4,2,78
4,2,67
4,2,50
4,2,71
4,2,65
4,2,58
4,2,76
4,2,67
4,2,62
4,2,30
4,2,56
4,2,69
4,2,54
4,2,70
4,2,91
4,2,52
4,2,22
4,2,88
4,2,88
4,2,75
4,2,18
4,2,67
4,2,87
4,2,72
4,2,55
4,2,65
4,2,80
4,2,61
4,2,71
4,2,75
4,2,65
4,2,78
4,2,42
4,2,56
4,2,72
4,2,68
4,2,78
4,2,82
4,2,69
4,2,60
4,2,85
4,2,25
4,3,78
4,3,61
4,3,125
4,3,135
4,3,48
4,3,124
4,3,80
4,3,116
4,3,146
4,3,75
4,3,123
4,3,119
4,3,146
4,3,135
4,3,114
4,3,138
4,3,112
4,3,74
4,3,123
4,3,143
4,3,117
4,3,76
4,3,127
4,3,69
4,3,139
4,3,97
4,3,125
4,3,117
4,3,118
4,3,82
4,3,64
4,3,127
4,3,103
4,3,78
4,3,109
4,3,69
4,3,66
4,3,56
4,3,122
4,3,138
4,3,101
4,3,85
4,3,47
4,3,94
4,3,62
4,3,47
4,3,130
4,3,126
4,3,64
4,3,61
4,3,82
4,3,116
4,3,132
4,3,74
4,3,68
4,3,153
4,3,71
4,3,82
4,3,152
4,3,129
4,3,120
4,3,87
4,3,128
4,3,147
4,3,133
4,3,122
4,3,67
4,3,145
4,3,120
4,3,123
4,3,87
4,3,86
4,3,119
4,3,142
4,3,111
4,3,60
4,3,133
4,3,50
4,3,75
4,3,108
4,3,95
4,3,119
4,3,134
4,3,140
4,3,69
4,3,147
4,3,101
4,3,130
4,3,67
4,3,124
4,3,114
4,3,128
4,3,135
4,3,110
4,3,99
4,3,131
4,3,78
4,3,126
4,3,129
4,3,86
4,4,172
4,4,188
4,4,150
4,4,186
4,4,193
4,4,134
4,4,196
4,4,143
4,4,142
4,4,115
4,4,171
4,4,114
4,4,163
4,4,158
4,4,159
4,4,198
4,4,140
4,4,180
4,4,197
4,4,165
4,4,166
4,4,157
4,4,184
4,4,85
4,4,200
4,4,167
4,4,169
4,4,173
4,4,125
4,4,208
4,4,143
4,4,205
4,4,196
4,4,141
4,4,170
4,4,114
4,4,175
4,4,178
4,4,186
4,4,196
4,4,182
4,4,77
4,4,175
4,4,151
4,4,163
4,4,155
4,4,162
4,4,151
4,4,194
4,4,204
4,4,110
4,4,174
4,4,137
4,4,119
4,4,159
4,4,176
4,4,171
4,4,191
4,4,187
4,4,179
4,4,210
4,4,134
4,4,179
4,4,142
4,4,157
4,4,205
4,4,101
4,4,149
4,4,158
4,4,124
4,4,198
4,4,157
4,4,170
4,4,162
4,4,155
4,4,136
4,4,200
4,4,137
4,4,141
4,4,150
4,4,187
4,4,117
4,4,75
4,4,143
4,4,195
4,4,174
4,4,132
4,4,190
4,4,166
4,4,168
4,4,152
4,4,191
4,4,180
4,4,152
4,4,166
4,4,134
4,4,152
4,4,181
4,4,138
4,4,165
4,5,297
4,5,215
4,5,344
4,5,276
4,5,237
4,5,161
4,5,327
4,5,324
4,5,215
4,5,243
4,5,253
4,5,306
4,5,242
4,5,125
4,5,259
4,5,204
4,5,233
4,5,286
4,5,288
4,5,135
4,5,270
4,5,210
4,5,220
4,5,241
4,5,275
4,5,229
4,5,179
4,5,185
4,5,307
4,5,242
4,5,114
4,5,239
4,5,248
4,5,340
4,5,362
4,5,216
4,5,303
4,5,338
4,5,199
4,5,127
4,5,241
4,5,313
4,5,218
4,5,351
4,5,224
4,5,174
4,5,223
4,5,250
4,5,346
4,5,232
4,5,323
4,5,203
4,5,322
4,5,237
4,5,229
4,5,153
4,5,322
4,5,300
4,5,322
4,5,376
4,5,231
4,5,306
4,5,215
4,5,204
4,5,268
4,5,273
4,5,266
4,5,313
4,5,249
4,5,245
4,5,272
4,5,229
4,5,336
4,5,183
4,5,302
4,5,293
4,5,237
4,5,331
4,5,330
4,5,242
4,5,276
4,5,287
4,5,335
4,5,188
4,5,238
4,5,263
4,5,242
4,5,148
4,5,294
4,5,221
4,5,256
4,5,178
4,5,124
4,5,321
4,5,300
4,5,238
4,5,212
4,5,285
4,5,266
4,5,311
4,6,399
4,6,634
4,6,444
4,6,507
4,6,660
4,6,289
4,6,617
4,6,577
4,6,258
4,6,585
4,6,419
4,6,530
4,6,656
4,6,511
4,6,328
4,6,577
4,6,390
4,6,675
4,6,657
4,6,570
4,6,532
4,6,495
4,6,547
4,6,261
4,6,384
4,6,622
4,6,510
4,6,376
4,6,544
4,6,449
4,6,580
4,6,243
4,6,672
4,6,321
4,6,215
4,6,474
4,6,498
4,6,396
4,6,516
4,6,544
4,6,425
4,6,619
4,6,424
4,6,624
4,6,336
4,6,519
4,6,516
4,6,286
4,6,509
4,6,534
4,6,420
4,6,407
4,6,687
4,6,637
4,6,490
4,6,378
4,6,592
4,6,445
4,6,389
4,6,186
4,6,447
4,6,591
4,6,544
4,6,254
4,6,567
4,6,417
4,6,416
4,6,680
4,6,425
4,6,572
4,6,637
4,6,571
4,6,503
4,6,343
4,6,438
4,6,235
4,6,213
4,6,196
4,6,564
4,6,458
4,6,202
4,6,508
4,6,369
4,6,425
4,6,549
4,6,592
4,6,646
4,6,538
4,6,456
4,6,594
4,6,382
4,6,484
4,6,543
4,6,620
4,6,399
4,6,562
4,6,619
4,6,374
4,6,599
4,6,410
4,7,520
4,7,865
4,7,336
4,7,911
4,7,546
4,7,810
4,7,558
4,7,780
4,7,382
4,7,600
4,7,789
4,7,175
4,7,971
4,7,636
4,7,583
4,7,363
4,7,718
4,7,788
4,7,907
4,7,470
4,7,811
4,7,763
4,7,610
4,7,729
4,7,832
4,7,302
4,7,713
4,7,300
4,7,565
4,7,245
4,7,545
4,7,509
4,7,617
4,7,998
4,7,938
4,7,580
4,7,822
4,7,278
4,7,929
4,7,903
4,7,755
4,7,678
4,7,367
4,7,500
4,7,727
4,7,913
4,7,883
4,7,939
4,7,823
4,7,951
4,7,485
4,7,232
4,7,459
4,7,747
4,7,1001
4,7,395
4,7,565
4,7,352
4,7,671
4,7,949
4,7,793
4,7,777
4,7,924
4,7,833
4,7,668
4,7,657
4,7,973
4,7,640
4,7,654
4,7,368
4,7,580
4,7,873
4,7,589
4,7,648
4,7,604
4,7,613
4,7,797
4,7,592
4,7,905
4,7,770
4,7,768
4,7,1017
4,7,811
4,7,362
4,7,337
4,7,452
4,7,803
4,7,237
4,7,915
4,7,907
4,7,382
4,7,744
4,7,294
4,7,394
4,7,723
4,7,655
4,7,866
4,7,576
4,7,927
4,7,523
4,8,1105
4,8,671
4,8,1004
4,8,618
4,8,1150
4,8,1034
4,8,467
4,8,1319
4,8,1226
4,8,1080
4,8,1139
4,8,1415
4,8,1227
4,8,639
4,8,961
4,8,1200
4,8,1012
4,8,473
4,8,1395
4,8,886
4,8,298
4,8,569
4,8,1329
4,8,517
4,8,907
4,8,1328
4,8,1170
4,8,1365
4,8,1136
4,8,359
4,8,962
4,8,1042
4,8,750
4,8,1182
4,8,1085
4,8,324
4,8,1116
4,8,1565
4,8,1103
4,8,1508
4,8,1166
4,8,1310
4,8,1043
4,8,1349
4,8,738
4,8,324
4,8,855
4,8,761
4,8,795
4,8,1296
4,8,989
4,8,883
4,8,949
4,8,1041
4,8,1116
4,8,463
4,8,1224
4,8,1319
4,8,774
4,8,670
4,8,487
4,8,1363
4,8,905
4,8,718
4,8,1111
4,8,1328
4,8,1010
4,8,907
4,8,583
4,8,1132
4,8,681
4,8,1081
4,8,1160
4,8,1215
4,8,1036
4,8,982
4,8,807
4,8,1033
4,8,1411
4,8,1344
4,8,885
4,8,1502
4,8,333
4,8,1320
4,8,562
4,8,1059
4,8,1444
4,8,893
4,8,757
4,8,1353
4,8,1126
4,8,382
4,8,436
4,8,1005
4,8,959
4,8,1235
4,8,741
4,8,1461
4,8,1221
4,8,1211
4,9,1489
4,9,1963
4,9,1416
4,9,1050
4,9,1353
4,9,1075
4,9,1763
4,9,1301
4,9,2019
4,9,1374
4,9,1392
4,9,2033
4,9,537
4,9,2042
4,9,1046
4,9,1538
4,9,1169
4,9,1349
4,9,1792
4,9,1214
4,9,1706
4,9,1534
4,9,1360
4,9,588
4,9,1671
4,9,1654
4,9,1509
4,9,1693
4,9,1540
4,9,1872
4,9,1721
4,9,1510
4,9,1753
4,9,711
4,9,518
4,9,1502
4,9,1776
4,9,1486
4,9,1183
4,9,2014
4,9,1833
4,9,1757
4,9,1028
4,9,1728
4,9,1582
4,9,1800
4,9,1112
4,9,1447
4,9,1700
4,9,1421
4,9,1815
4,9,1865
4,9,1789
4,9,2163
4,9,1075
4,9,1521
4,9,1383
4,9,1268
4,9,1793
4,9,1221
4,9,1842
4,9,965
4,9,1755
4,9,1806
4,9,1587
4,9,1880
4,9,1415
4,9,1023
4,9,1374
4,9,1882
4,9,1789
4,9,362
4,9,1730
4,9,997
4,9,1661
4,9,1465
4,9,1555
4,9,672
4,9,2008
4,9,596
4,9,724
4,9,533
4,9,1850
4,9,1863
4,9,1210
4,9,1214
4,9,1682
4,9,1748
4,9,945
4,9,2182
4,9,1449
4,9,1965
4,9,1533
4,9,1638
4,9,259
4,9,1526
4,9,1023
4,9,1919
4,9,1022
4,9,1582
4,10,1965
4,10,2616
4,10,2374
4,10,1660
4,10,1910
4,10,626
4,10,1381
4,10,2335
4,10,2911
4,10,2736
4,10,1923
4,10,2203
4,10,1503
4,10,2346
4,10,1861
4,10,487
4,10,2098
4,10,820
4,10,965
4,10,1769
4,10,2927
4,10,2002
4,10,2580
4,10,2517
4,10,2453
4,10,1289
4,10,2417
4,10,2150
4,10,1923
4,10,2546
4,10,1602
4,10,2493
4,10,2177
4,10,1926
4,10,2718
4,10,2445
4,10,2379
4,10,2606
4,10,1237
4,10,2080
4,10,1758
4,10,2873
4,10,1849
4,10,2090
4,10,1282
4,10,2739
4,10,1990
4,10,1130
4,10,2874
4,10,2167
4,10,2102
4,10,2995
4,10,1541
4,10,2500
4,10,2312
4,10,2087
4,10,2138
4,10,1690
4,10,1990
4,10,2481
4,10,1618
4,10,2274
4,10,2596
4,10,2439
4,10,2314
4,10,2803
4,10,830
4,10,2012
4,10,1670
4,10,1975
4,10,1133
4,10,1858
4,10,1922
4,10,2020
4,10,2009
4,10,1513
4,10,2437
4,10,1248
4,10,2554
4,10,1967
4,10,2184
4,10,2608
4,10,2513
4,10,1577
4,10,2588
4,10,2406
4,10,2149
4,10,2396
4,10,2068
4,10,1515
4,10,2495
4,10,1967
4,10,1799
4,10,2535
4,10,1743
4,10,991
4,10,716
4,10,2150
4,10,1793
4,10,842
5,1,41
5,1,32
5,1,33
5,1,26
5,1,36
5,1,39
5,1,34
5,1,36
5,1,32
5,1,36
5,1,39
5,1,13
5,1,37
5,1,44
5,1,33
5,1,44
5,1,33
5,1,36
5,1,37
5,1,43
5,1,20
5,1,36
5,1,42
5,1,38
5,1,40
5,1,39
5,1,29
5,1,41
5,1,40
5,1,26
5,1,27
5,1,31
5,1,29
5,1,40
5,1,24
5,1,22
5,1,43
5,1,19
5,1,25
5,1,40
5,1,35
5,1,43
5,1,34
5,1,39
5,1,35
5,1,30
5,1,38
5,1,36
5,1,22
5,1,41
5,1,32
5,1,23
5,1,36
5,1,46
5,1,42
5,1,29
5,1,36
5,1,28
5,1,42
5,1,30
5,1,40
5,1,29
5,1,29
5,1,35
5,1,40
5,1,29
5,1,36
5,1,36
5,1,42
5,1,35
5,1,38
5,1,37
5,1,42
5,1,31
5,1,38
5,1,34
5,1,17
5,1,40
5,1,39
5,1,9
5,1,35
5,1,42
5,1,30
5,1,34
5,1,28
5,1,39
5,1,30
5,1,36
5,1,39
5,1,39
5,1,11
5,1,19
5,1,29
5,1,42
5,1,38
5,1,27
5,1,39
5,1,32
5,1,25
5,1,34
5,2,110
5,2,132
5,2,116
5,2,117
5,2,141
5,2,77
5,2,148
5,2,105
5,2,77
5,2,119
5,2,109
5,2,116
5,2,87
5,2,129
5,2,48
5,2,136
5,2,81
5,2,131
5,2,125
5,2,131
5,2,157
5,2,149
5,2,85
5,2,146
5,2,62
5,2,100
5,2,127
5,2,119
5,2,27
5,2,154
5,2,92
5,2,128
5,2,130
5,2,104
5,2,137
5,2,135
5,2,119
5,2,103
5,2,109
5,2,140
5,2,143
5,2,106
5,2,122
5,2,95
5,2,122
5,2,126
5,2,105
5,2,112
5,2,42
5,2,153
5,2,131
5,2,153
5,2,161
5,2,65
5,2,128
5,2,93
5,2,130
5,2,119
5,2,107
5,2,126
5,2,102
5,2,135
5,2,84
5,2,111
5,2,148
5,2,92
5,2,140
5,2,138
5,2,141
5,2,111
5,2,88
5,2,102
5,2,138
5,2,117
5,2,84
5,2,151
5,2,139
5,2,114
5,2,41
5,2,141
5,2,107
5,2,133
5,2,133
5,2,143
5,2,138
5,2,137
5,2,102
5,2,93
5,2,92
5,2,147
5,2,154
5,2,129
5,2,145
5,2,126
5,2,122
5,2,146
5,2,110
5,2,86
5,2,93
5,2,138
5,3,95
5,3,189
5,3,241
5,3,157
5,3,180
5,3,193
5,3,67
5,3,219
5,3,231
5,3,251
5,3,247
5,3,182
5,3,80
5,3,167
5,3,239
5,3,146
5,3,209
5,3,90
5,3,162
5,3,211
5,3,190
5,3,236
5,3,227
5,3,168
5,3,101
5,3,228
5,3,177
5,3,131
5,3,200
5,3,159
5,3,218
5,3,160
5,3,217
5,3,177
5,3,195
5,3,263
5,3,202
5,3,214
5,3,133
5,3,218
5,3,227
5,3,125
5,3,233
5,3,188
5,3,232
5,3,257
5,3,170
5,3,233
5,3,187
5,3,153
5,3,221
5,3,226
5,3,104
5,3,263
5,3,230
5,3,159
5,3,195
5,3,205
5,3,78
5,3,154
5,3,205
5,3,118
5,3,223
5,3,208
5,3,200
5,3,218
5,3,211
5,3,230
5,3,196
5,3,127
5,3,251
5,3,238
5,3,217
5,3,161
5,3,206
5,3,83
5,3,168
5,3,219
5,3,183
5,3,95
5,3,236
5,3,136
5,3,112
5,3,166
5,3,163
5,3,184
5,3,99
5,3,78
5,3,172
5,3,225
5,3,229
5,3,268
5,3,80
5,3,223
5,3,163
5,3,180
5,3,223
5,3,203
5,3,219
5,3,209
5,4,199
5,4,326
5,4,205
5,4,213
5,4,329
5,4,210
5,4,346
5,4,196
5,4,299
5,4,204
5,4,393
5,4,278
5,4,224
5,4,152
5,4,284
5,4,348
5,4,330
5,4,241
5,4,104
5,4,220
5,4,124
5,4,319
5,4,336
5,4,211
5,4,135
5,4,275
5,4,360
5,4,250
5,4,274
5,4,111
5,4,258
5,4,305
5,4,273
5,4,116
5,4,103
5,4,238
5,4,315
5,4,314
5,4,218
5,4,299
5,4,182
5,4,185
5,4,277
5,4,329
5,4,373
5,4,237
5,4,231
5,4,244
5,4,294
5,4,325
5,4,236
5,4,347
5,4,314
5,4,102
5,4,328
5,4,270
5,4,306
5,4,255
5,4,261
5,4,311
5,4,270
5,4,254
5,4,207
5,4,273
5,4,227
5,4,303
5,4,209
5,4,345
5,4,291
5,4,300
5,4,278
5,4,219
5,4,245
5,4,260
5,4,309
5,4,124
5,4,369
5,4,299
5,4,328
5,4,292
5,4,300
5,4,212
5,4,277
5,4,366
5,4,240
5,4,193
5,4,293
5,4,330
5,4,382
5,4,223
5,4,313
5,4,281
5,4,196
5,4,322
5,4,306
5,4,296
5,4,261
5,4,166
5,4,341
5,4,293
5,5,408
5,5,448
5,5,391
5,5,460
5,5,332
5,5,401
5,5,415
5,5,436
5,5,397
5,5,475
5,5,257
5,5,372
5,5,336
5,5,339
5,5,329
5,5,367
5,5,334
5,5,398
5,5,439
5,5,406
5,5,380
5,5,391
5,5,381
5,5,417
5,5,247
5,5,381
5,5,367
5,5,465
5,5,391
5,5,367
5,5,462
5,5,450
5,5,322
5,5,412
5,5,368
5,5,261
5,5,454
5,5,445
5,5,402
5,5,381
5,5,392
5,5,394
5,5,410
5,5,330
5,5,258
5,5,475
5,5,459
5,5,494
5,5,269
5,5,340
5,5,278
5,5,441
5,5,458
5,5,447
5,5,355
5,5,400
5,5,363
5,5,323
5,5,415
5,5,389
5,5,407
5,5,374
5,5,399
5,5,437
5,5,413
5,5,395
5,5,395
5,5,458
5,5,242
5,5,361
5,5,402
5,5,342
5,5,394
5,5,358
5,5,366
5,5,457
5,5,334
5,5,400
5,5,342
5,5,362
5,5,453
5,5,347
5,5,408
5,5,334
5,5,394
5,5,371
5,5,416
5,5,372
5,5,436
5,5,413
5,5,319
5,5,448
5,5,468
5,5,391
5,5,490
5,5,366
5,5,390
5,5,480
5,5,452
5,5,269
5,6,569
5,6,641
5,6,659
5,6,719
5,6,508
5,6,530
5,6,607
5,6,404
5,6,697
5,6,828
5,6,320
5,6,761
5,6,868
5,6,472
5,6,601
5,6,494
5,6,411
5,6,467
5,6,671
5,6,614
5,6,519
5,6,755
5,6,617
5,6,824
5,6,556
5,6,644
5,6,472
5,6,578
5,6,428
5,6,531
5,6,289
5,6,574
5,6,742
5,6,610
5,6,452
5,6,482
5,6,526
5,6,290
5,6,701
5,6,830
5,6,538
5,6,700
5,6,674
5,6,608
5,6,868
5,6,603
5,6,442
5,6,464
5,6,768
5,6,618
5,6,671
5,6,481
5,6,541
5,6,756
5,6,783
5,6,654
5,6,428
5,6,548
5,6,486
5,6,290
5,6,378
5,6,767
5,6,780
5,6,576
5,6,638
5,6,529
5,6,536
5,6,784
5,6,669
5,6,744
5,6,463
5,6,569
5,6,474
5,6,595
5,6,783
5,6,514
5,6,587
5,6,642
5,6,634
5,6,721
5,6,664
5,6,712
5,6,524
5,6,696
5,6,542
5,6,421
5,6,625
5,6,610
5,6,770
5,6,819
5,6,470
5,6,343
5,6,497
5,6,462
5,6,773
5,6,546
5,6,584
5,6,380
5,6,610
5,6,617
5,7,1023
5,7,385
5,7,719
5,7,1144
5,7,858
5,7,550
5,7,1344
5,7,1001
5,7,765
5,7,976
5,7,999
5,7,410
5,7,514
5,7,886
5,7,910
5,7,1124
5,7,1330
5,7,649
5,7,1173
5,7,1156
5,7,887
5,7,459
5,7,398
5,7,1127
5,7,679
5,7,813
5,7,1256
5,7,629
5,7,592
5,7,1185
5,7,812
5,7,514
5,7,1327
5,7,936
5,7,944
5,7,1165
5,7,977
5,7,680
5,7,839
5,7,1081
5,7,639
5,7,507
5,7,948
5,7,893
5,7,1027
5,7,951
5,7,977
5,7,534
5,7,879
5,7,864
5,7,981
5,7,912
5,7,991
5,7,412
5,7,833
5,7,1039
5,7,1043
5,7,608
5,7,608
5,7,511
5,7,1173
5,7,1237
5,7,989
5,7,626
5,7,1154
5,7,509
5,7,937
5,7,657
5,7,1119
5,7,990
5,7,1057
5,7,1086
5,7,712
5,7,435
5,7,1171
5,7,1159
5,7,1208
5,7,829
5,7,487
5,7,811
5,7,629
5,7,1038
5,7,378
5,7,852
5,7,1108
5,7,572
5,7,1064
5,7,1088
5,7,1245
5,7,933
5,7,1129
5,7,521
5,7,749
5,7,586
5,7,895
5,7,1304
5,7,853
5,7,922
5,7,1203
5,7,731
5,8,1718
5,8,1726
5,8,396
5,8,1909
5,8,1640
5,8,1553
5,8,1834
5,8,1535
5,8,977
5,8,1505
5,8,1020
5,8,1418
5,8,1668
5,8,1700
5,8,1371
5,8,384
5,8,1670
5,8,1602
5,8,1057
5,8,1230
5,8,1945
5,8,1566
5,8,1498
5,8,1735
5,8,1063
5,8,415
5,8,1522
5,8,1543
5,8,798
5,8,716
5,8,532
5,8,1568
5,8,1416
5,8,1668
5,8,1081
5,8,865
5,8,1673
5,8,1463
5,8,1393
5,8,988
5,8,1475
5,8,947
5,8,1748
5,8,1400
5,8,871
5,8,1556
5,8,1573
5,8,940
5,8,1385
5,8,1272
5,8,1274
5,8,1210
5,8,1169
5,8,1287
5,8,1657
5,8,1694
5,8,1371
5,8,1485
5,8,1673
5,8,1642
5,8,1552
5,8,1760
5,8,817
5,8,460
5,8,1525
5,8,1340
5,8,1681
5,8,1736
5,8,1651
5,8,1565
5,8,1597
5,8,1140
5,8,1771
5,8,1861
5,8,660
5,8,1746
5,8,882
5,8,681
5,8,1491
5,8,1269
5,8,1085
5,8,514
5,8,1603
5,8,1068
5,8,1976
5,8,1416
5,8,1391
5,8,1823
5,8,909
5,8,1294
5,8,654
5,8,1851
5,8,1104
5,8,1242
5,8,1611
5,8,1339
5,8,1124
5,8,1715
5,8,1485
5,8,769
5,9,1548
5,9,1832
5,9,1566
5,9,1892
5,9,1777
5,9,684
5,9,2054
5,9,597
5,9,2360
5,9,1602
5,9,2138
5,9,1889
5,9,1314
5,9,2251
5,9,1671
5,9,2456
5,9,830
5,9,2402
5,9,2132
5,9,1473
5,9,1576
5,9,2026
5,9,1436
5,9,1651
5,9,812
5,9,1985
5,9,554
5,9,1602
5,9,1217
5,9,717
5,9,1406
5,9,671
5,9,2378
5,9,1410
5,9,2111
5,9,1156
5,9,1085
5,9,2039
5,9,1455
5,9,1064
5,9,748
5,9,1555
5,9,1636
5,9,704
5,9,2176
5,9,1999
5,9,1587
5,9,2587
5,9,1706
5,9,1380
5,9,842
5,9,1617
5,9,940
5,9,1249
5,9,1311
5,9,1607
5,9,2113
5,9,1264
5,9,1863
5,9,2115
5,9,1682
5,9,1227
5,9,2255
5,9,785
5,9,2159
5,9,1647
5,9,1652
5,9,1794
5,9,2364
5,9,835
5,9,1863
5,9,782
5,9,768
5,9,2550
5,9,547
5,9,1453
5,9,2095
5,9,2417
5,9,1447
5,9,1909
5,9,2339
5,9,1511
5,9,2012
5,9,2008
5,9,2054
5,9,2493
5,9,1900
5,9,2413
5,9,2227
5,9,1398
5,9,1364
5,9,2260
5,9,1834
5,9,1955
5,9,2195
5,9,2353
5,9,2254
5,9,1498
5,9,2177
5,9,2474
5,10,1953
5,10,3182
5,10,2335
5,10,2634
5,10,2124
5,10,3030
5,10,2359
5,10,2471
5,10,2714
5,10,3041
5,10,2465
5,10,1315
5,10,3586
5,10,1607
5,10,2386
5,10,2280
5,10,3418
5,10,1925
5,10,2621
5,10,2667
5,10,2831
5,10,3498
5,10,2701
5,10,1059
5,10,2317
5,10,3322
5,10,2678
5,10,855
5,10,3151
5,10,2224
5,10,3520
5,10,2135
5,10,746
5,10,2636
5,10,1869
5,10,2304
5,10,2602
5,10,2459
5,10,2560
5,10,705
5,10,1096
5,10,2657
5,10,3034
5,10,2788
5,10,2689
5,10,3647
5,10,2844
5,10,2973
5,10,1283
5,10,1127
5,10,2650
5,10,3120
5,10,1537
5,10,2310
5,10,2454
5,10,2642
5,10,3053
5,10,1667
5,10,3782
5,10,2768
5,10,2559
5,10,2744
5,10,2622
5,10,2896
5,10,2462
5,10,2292
5,10,2906
5,10,2067
5,10,2414
5,10,2495
5,10,2065
5,10,1804
5,10,740
5,10,2495
5,10,1530
5,10,926
5,10,1302
5,10,2919
5,10,2740
5,10,3591
5,10,2371
5,10,3556
5,10,1994
5,10,2828
5,10,3558
5,10,2940
5,10,1988
5,10,3171
5,10,850
5,10,1839
5,10,1160
5,10,1092
5,10,2992
5,10,2522
5,10,3015
5,10,3289
5,10,2514
5,10,1672
5,10,1868
5,10,1048
6,1,72
6,1,45
6,1,64
6,1,89
6,1,88
6,1,65
6,1,29
6,1,86
6,1,75
6,1,69
6,1,61
6,1,69
6,1,88
6,1,69
6,1,76
6,1,90
6,1,33
6,1,47
6,1,56
6,1,72
6,1,90
6,1,72
6,1,81
6,1,74
6,1,90
6,1,74
6,1,82
6,1,75
6,1,80
6,1,58
6,1,83
6,1,70
6,1,76
6,1,51
6,1,34
6,1,55
6,1,93
6,1,84
6,1,36
6,1,79
6,1,15
6,1,77
6,1,19
6,1,69
6,1,43
6,1,80
6,1,38
6,1,66
6,1,35
6,1,88
6,1,68
6,1,47
6,1,54
6,1,91
6,1,52
6,1,62
6,1,73
6,1,66
6,1,75
6,1,21
6,1,21
6,1,71
6,1,80
6,1,67
6,1,86
6,1,14
6,1,73
6,1,48
6,1,66
6,1,37
6,1,68
6,1,53
6,1,81
6,1,51
6,1,80
6,1,54
6,1,47
6,1,54
6,1,29
6,1,66
6,1,61
6,1,69
6,1,82
6,1,74
6,1,91
6,1,57
6,1,26
6,1,86
6,1,86
6,1,65
6,1,62
6,1,63
6,1,49
6,1,29
6,1,74
6,1,74
6,1,70
6,1,66
6,1,85
6,1,82
6,2,300
6,2,267
6,2,234
6,2,107
6,2,270
6,2,58
6,2,171
6,2,282
6,2,179
6,2,121
6,2,86
6,2,252
6,2,282
6,2,238
6,2,228
6,2,259
6,2,201
6,2,163
6,2,250
6,2,205
6,2,87
6,2,259
6,2,82
6,2,138
6,2,268
6,2,226
6,2,230
6,2,249
6,2,273
6,2,146
6,2,239
6,2,212
6,2,251
6,2,312
6,2,242
6,2,116
6,2,228
6,2,277
6,2,251
6,2,192
6,2,216
6,2,282
6,2,271
6,2,277
6,2,289
6,2,196
6,2,136
6,2,297
6,2,131
6,2,263
6,2,272
6,2,220
6,2,238
6,2,246
6,2,282
6,2,262
6,2,242
6,2,192
6,2,210
6,2,245
6,2,218
6,2,241
6,2,274
6,2,247
6,2,104
6,2,242
6,2,238
6,2,204
6,2,243
6,2,72
6,2,208
6,2,263
6,2,238
6,2,271
6,2,239
6,2,202
6,2,247
6,2,262
6,2,194
6,2,243
6,2,119
6,2,251
6,2,300
6,2,237
6,2,308
6,2,186
6,2,246
6,2,175
6,2,249
6,2,41
6,2,205
6,2,224
6,2,71
6,2,167
6,2,256
6,2,233
6,2,293
6,2,220
6,2,122
6,2,261
6,3,285
6,3,371
6,3,432
6,3,320
6,3,233
6,3,514
6,3,433
6,3,447
6,3,450
6,3,415
6,3,329
6,3,392
6,3,340
6,3,450
6,3,352
6,3,418
6,3,208
6,3,419
6,3,142
6,3,284
6,3,369
6,3,417
6,3,331
6,3,257
6,3,412
6,3,357
6,3,323
6,3,304
6,3,367
6,3,400
6,3,334
6,3,464
6,3,376
6,3,156
6,3,339
6,3,367
6,3,414
6,3,470
6,3,333
6,3,262
6,3,389
6,3,392
6,3,299
6,3,386
6,3,332
6,3,420
6,3,268
6,3,431
6,3,298
6,3,416
6,3,396
6,3,377
6,3,410
6,3,330
6,3,348
6,3,403
6,3,335
6,3,315
6,3,306
6,3,281
6,3,344
6,3,297
6,3,257
6,3,515
6,3,472
6,3,250
6,3,245
6,3,404
6,3,298
6,3,105
6,3,193
6,3,181
6,3,314
6,3,193
6,3,290
6,3,220
6,3,294
6,3,324
6,3,374
6,3,346
6,3,316
6,3,323
6,3,314
6,3,283
6,3,312
6,3,398
6,3,440
6,3,438
6,3,408
6,3,343
6,3,325
6,3,436
6,3,455
6,3,449
6,3,343
6,3,446
6,3,453
6,3,282
6,3,172
6,3,428
6,4,492
6,4,617
6,4,273
6,4,222
6,4,252
6,4,508
6,4,436
6,4,283
6,4,540
6,4,354
6,4,333
6,4,465
6,4,636
6,4,438
6,4,281
6,4,489
6,4,643
6,4,561
6,4,251
6,4,297
6,4,373
6,4,358
6,4,678
6,4,302
6,4,494
6,4,628
6,4,360
6,4,461
6,4,530
6,4,280
6,4,201
6,4,521
6,4,438
6,4,485
6,4,526
6,4,631
6,4,582
6,4,284
6,4,519
6,4,516
6,4,404
6,4,449
6,4,498
6,4,519
6,4,634
6,4,587
6,4,302
6,4,562
6,4,459
6,4,341
6,4,465
6,4,377
6,4,663
6,4,505
6,4,527
6,4,304
6,4,255
6,4,457
6,4,419
6,4,312
6,4,661
6,4,468
6,4,453
6,4,318
6,4,544
6,4,488
6,4,228
6,4,538
6,4,576
6,4,516
6,4,201
6,4,471
6,4,147
6,4,484
6,4,564
6,4,491
6,4,412
6,4,256
6,4,499
6,4,552
6,4,461
6,4,375
6,4,494
6,4,357
6,4,520
6,4,632
6,4,563
6,4,341
6,4,561
6,4,349
6,4,591
6,4,423
6,4,272
6,4,310
6,4,393
6,4,575
6,4,349
6,4,597
6,4,260
6,4,556
6,5,801
6,5,661
6,5,685
6,5,606
6,5,453
6,5,801
6,5,544
6,5,669
6,5,444
6,5,508
6,5,797
6,5,643
6,5,429
6,5,623
6,5,521
6,5,446
6,5,759
6,5,677
6,5,753
6,5,792
6,5,622
6,5,684
6,5,525
6,5,305
6,5,514
6,5,443
6,5,545
6,5,481
6,5,769
6,5,836
6,5,737
6,5,748
6,5,733
6,5,823
6,5,524
6,5,626
6,5,423
6,5,654
6,5,545
6,5,455
6,5,526
6,5,280
6,5,497
6,5,699
6,5,585
6,5,745
6,5,711
6,5,795
6,5,646
6,5,848
6,5,548
6,5,567
6,5,682
6,5,600
6,5,559
6,5,488
6,5,816
6,5,600
6,5,381
6,5,554
6,5,613
6,5,572
6,5,741
6,5,717
6,5,617
6,5,420
6,5,349
6,5,294
6,5,815
6,5,504
6,5,529
6,5,566
6,5,507
6,5,750
6,5,701
6,5,370
6,5,530
6,5,705
6,5,264
6,5,716
6,5,792
6,5,511
6,5,559
6,5,634
6,5,611
6,5,814
6,5,524
6,5,767
6,5,640
6,5,719
6,5,835
6,5,489
6,5,692
6,5,639
6,5,790
6,5,448
6,5,847
6,5,625
6,5,408
6,5,608
6,6,943
6,6,919
6,6,797
6,6,768
6,6,791
6,6,814
6,6,1025
6,6,618
6,6,776
6,6,887
6,6,715
6,6,637
6,6,850
6,6,761
6,6,752
6,6,369
6,6,867
6,6,715
6,6,971
6,6,944
6,6,713
6,6,805
6,6,903
6,6,868
6,6,1018
6,6,628
6,6,569
6,6,861
6,6,809
6,6,865
6,6,531
6,6,831
6,6,504
6,6,905
6,6,809
6,6,666
6,6,864
6,6,711
6,6,779
6,6,806
6,6,740
6,6,866
6,6,1013
6,6,629
6,6,949
6,6,769
6,6,892
6,6,450
6,6,626
6,6,792
6,6,983
6,6,500
6,6,765
6,6,944
6,6,663
6,6,757
6,6,409
6,6,1031
6,6,826
6,6,893
6,6,811
6,6,911
6,6,746
6,6,738
6,6,1003
6,6,835
6,6,804
6,6,745
6,6,490
6,6,885
6,6,605
6,6,892
6,6,928
6,6,1009
6,6,398
6,6,656
6,6,624
6,6,666
6,6,841
6,6,803
6,6,982
6,6,732
6,6,876
6,6,874
6,6,812
6,6,814
6,6,870
6,6,864
6,6,909
6,6,816
6,6,697
6,6,851
6,6,952
6,6,701
6,6,569
6,6,793
6,6,983
6,6,865
6,6,621
6,6,410
6,7,871
6,7,753
6,7,1154
6,7,1131
6,7,1035
6,7,941
6,7,1418
6,7,740
6,7,1074
6,7,903
6,7,1021
6,7,1226
6,7,1261
6,7,999
6,7,1127
6,7,1195
6,7,1300
6,7,799
6,7,948
6,7,837
6,7,1287
6,7,1025
6,7,579
6,7,1392
6,7,891
6,7,1216
6,7,1293
6,7,1265
6,7,1092
6,7,1030
6,7,858
6,7,923
6,7,1055
6,7,1405
6,7,928
6,7,1479
6,7,1026
6,7,1229
6,7,1239
6,7,804
6,7,1142
6,7,1087
6,7,1274
6,7,1495
6,7,1333
6,7,1287
6,7,1320
6,7,1304
6,7,857
6,7,754
6,7,1296
6,7,765
6,7,1057
6,7,1299
6,7,1332
6,7,1389
6,7,525
6,7,1016
6,7,908
6,7,1334
6,7,934
6,7,871
6,7,1406
6,7,1041
6,7,1077
6,7,784
6,7,1236
6,7,1145
6,7,1134
6,7,929
6,7,952
6,7,1348
6,7,1202
6,7,814
6,7,1381
6,7,990
6,7,1080
6,7,788
6,7,1041
6,7,1083
6,7,1229
6,7,1218
6,7,688
6,7,1260
6,7,1310
6,7,1167
6,7,635
6,7,1098
6,7,1205
6,7,1082
6,7,697
6,7,1406
6,7,1220
6,7,509
6,7,1078
6,7,1126
6,7,1003
6,7,1155
6,7,1047
6,7,1054
6,8,1482
6,8,1996
6,8,1818
6,8,1569
6,8,1165
6,8,1304
6,8,777
6,8,1127
6,8,1948
6,8,2180
6,8,1456
6,8,1488
6,8,1637
6,8,1539
6,8,1357
6,8,1189
6,8,1056
6,8,1928
6,8,1883
6,8,1774
6,8,1968
6,8,2003
6,8,2049
6,8,2041
6,8,1823
6,8,2094
6,8,2048
6,8,2210
6,8,1127
6,8,921
6,8,1262
6,8,1294
6,8,2157
6,8,1519
6,8,1309
6,8,1497
6,8,1827
6,8,1309
6,8,1833
6,8,2395
6,8,616
6,8,1916
6,8,1333
6,8,1917
6,8,1680
6,8,1655
6,8,1418
6,8,1145
6,8,1677
6,8,2203
6,8,1693
6,8,1405
6,8,1751
6,8,1901
6,8,983
6,8,860
6,8,1773
6,8,1822
6,8,1447
6,8,1156
6,8,1843
6,8,1968
6,8,1432
6,8,1439
6,8,956
6,8,1211
6,8,1806
6,8,1924
6,8,1073
6,8,1070
6,8,2163
6,8,1302
6,8,1129
6,8,1234
6,8,1262
6,8,1916
6,8,1338
6,8,1850
6,8,1878
6,8,1103
6,8,2050
6,8,1587
6,8,2269
6,8,792
6,8,1335
6,8,920
6,8,1919
6,8,1942
6,8,1799
6,8,1642
6,8,2161
6,8,1581
6,8,2044
6,8,2012
6,8,1243
6,8,2285
6,8,1194
6,8,1861
6,8,2053
6,8,2112
6,9,1949
6,9,1523
6,9,1280
6,9,2322
6,9,1657
6,9,2600
6,9,1826
6,9,1650
6,9,2807
6,9,2141
6,9,1218
6,9,2221
6,9,1758
6,9,1574
6,9,953
6,9,2325
6,9,2896
6,9,1280
6,9,1776
6,9,2558
6,9,1076
6,9,2355
6,9,2985
6,9,1369
6,9,2755
6,9,1230
6,9,2683
6,9,1568
6,9,865
6,9,2712
6,9,1777
6,9,2447
6,9,653
6,9,3368
6,9,2756
6,9,2285
6,9,2171
6,9,2037
6,9,2215
6,9,1896
6,9,3058
6,9,1436
6,9,2940
6,9,1512
6,9,3021
6,9,1158
6,9,919
6,9,2846
6,9,947
6,9,818
6,9,2553
6,9,1114
6,9,2782
6,9,1644
6,9,1678
6,9,2221
6,9,2090
6,9,1187
6,9,2146
6,9,2524
6,9,2772
6,9,2694
6,9,2314
6,9,2012
6,9,1633
6,9,2295
6,9,1255
6,9,2390
6,9,1863
6,9,1962
6,9,2929
6,9,2233
6,9,2033
6,9,2366
6,9,1268
6,9,1208
6,9,1766
6,9,1429
6,9,3181
6,9,1864
6,9,2945
6,9,2651
6,9,2938
6,9,3070
6,9,2709
6,9,2204
6,9,1401
6,9,1357
6,9,1366
6,9,2962
6,9,1356
6,9,2641
6,9,1330
6,9,2306
6,9,2007
6,9,2864
6,9,2045
6,9,2538
6,9,1168
6,9,1941
6,10,1642
6,10,2572
6,10,2318
6,10,3488
6,10,2018
6,10,3001
6,10,4199
6,10,3335
6,10,3184
6,10,3282
6,10,3460
6,10,1169
6,10,4064
6,10,2187
6,10,2086
6,10,3439
6,10,1959
6,10,1384
6,10,4343
6,10,1154
6,10,2899
6,10,1189
6,10,1583
6,10,2681
6,10,2348
6,10,3263
6,10,3128
6,10,3659
6,10,3044
6,10,2546
6,10,1293
6,10,3543
6,10,2366
6,10,2965
6,10,3170
6,10,3155
6,10,2239
6,10,1843
6,10,2871
6,10,2223
6,10,2821
6,10,2419
6,10,1879
6,10,3708
6,10,1755
6,10,929
6,10,3357
6,10,3277
6,10,1777
6,10,3976
6,10,3276
6,10,3507
6,10,2086
6,10,3621
6,10,3571
6,10,2083
6,10,1566
6,10,2657
6,10,2387
6,10,3170
6,10,1371
6,10,3916
6,10,1286
6,10,2701
6,10,2598
6,10,3300
6,10,3097
6,10,1231
6,10,2226
6,10,2954
6,10,2427
6,10,1901
6,10,3294
6,10,2292
6,10,3344
6,10,1850
6,10,2994
6,10,3797
6,10,3901
6,10,3712
6,10,3395
6,10,3199
6,10,1497
6,10,2376
6,10,3828
6,10,3248
6,10,3503
6,10,1601
6,10,3303
6,10,3423
6,10,2478
6,10,3402
6,10,3384
6,10,1389
6,10,2680
6,10,3866
6,10,2301
6,10,4140
6,10,3168
6,10,3474
7,1,36
7,1,26
7,1,133
7,1,108
7,1,139
7,1,103
7,1,84
7,1,86
7,1,115
7,1,93
7,1,88
7,1,36
7,1,74
7,1,122
7,1,102
7,1,85
7,1,146
7,1,116
7,1,98
7,1,84
7,1,120
7,1,92
7,1,126
7,1,107
7,1,119
7,1,88
7,1,89
7,1,115
7,1,102
7,1,107
7,1,104
7,1,95
7,1,124
7,1,120
7,1,29
7,1,117
7,1,30
7,1,135
7,1,130
7,1,63
7,1,135
7,1,135
7,1,81
7,1,130
7,1,138
7,1,33
7,1,63
7,1,110
7,1,35
7,1,29
7,1,126
7,1,111
7,1,44
7,1,126
7,1,110
7,1,112
7,1,37
7,1,95
7,1,136
7,1,70
7,1,83
7,1,127
7,1,88
7,1,111
7,1,105
7,1,85
7,1,124
7,1,120
7,1,75
7,1,134
7,1,124
7,1,138
7,1,32
7,1,33
7,1,129
7,1,30
7,1,135
7,1,114
7,1,104
7,1,56
7,1,67
7,1,106
7,1,96
7,1,100
7,1,98
7,1,58
7,1,125
7,1,132
7,1,81
7,1,107
7,1,58
7,1,108
7,1,115
7,1,95
7,1,117
7,1,111
7,1,115
7,1,111
7,1,133
7,1,110
7,2,145
7,2,245
7,2,405
7,2,352
7,2,379
7,2,340
7,2,346
7,2,398
7,2,318
7,2,350
7,2,367
7,2,236
7,2,309
7,2,251
7,2,418
7,2,382
7,2,332
7,2,355
7,2,418
7,2,115
7,2,407
7,2,387
7,2,351
7,2,313
7,2,435
7,2,234
7,2,376
7,2,187
7,2,330
7,2,125
7,2,91
7,2,308
7,2,441
7,2,343
7,2,424
7,2,437
7,2,341
7,2,351
7,2,411
7,2,336
7,2,344
7,2,400
7,2,410
7,2,246
7,2,233
7,2,388
7,2,138
7,2,409
7,2,363
7,2,200
7,2,327
7,2,341
7,2,370
7,2,399
7,2,404
7,2,198
7,2,365
7,2,366
7,2,371
7,2,131
7,2,390
7,2,383
7,2,289
7,2,308
7,2,168
7,2,130
7,2,326
7,2,416
7,2,367
7,2,338
7,2,212
7,2,245
7,2,383
7,2,390
7,2,289
7,2,318
7,2,288
7,2,363
7,2,294
7,2,294
7,2,391
7,2,273
7,2,208
7,2,273
7,2,322
7,2,421
7,2,233
7,2,288
7,2,426
7,2,333
7,2,369
7,2,212
7,2,433
7,2,265
7,2,255
7,2,260
7,2,340
7,2,367
7,2,291
7,2,143
7,3,641
7,3,459
7,3,251
7,3,642
7,3,622
7,3,149
7,3,638
7,3,455
7,3,676
7,3,526
7,3,511
7,3,680
7,3,685
7,3,447
7,3,509
7,3,661
7,3,192
7,3,399
7,3,560
7,3,698
7,3,201
7,3,552
7,3,518
7,3,650
7,3,543
7,3,653
7,3,658
7,3,513
7,3,335
7,3,679
7,3,146
7,3,642
7,3,330
7,3,151
7,3,667
7,3,472
7,3,352
7,3,400
7,3,585
7,3,583
7,3,604
7,3,404
7,3,189
7,3,555
7,3,241
7,3,516
7,3,391
7,3,530
7,3,387
7,3,594
7,3,510
7,3,555
7,3,653
7,3,668
7,3,597
7,3,532
7,3,396
7,3,659
7,3,629
7,3,444
7,3,674
7,3,620
7,3,601
7,3,700
7,3,307
7,3,597
7,3,289
7,3,414
7,3,473
7,3,177
7,3,555
7,3,437
7,3,505
7,3,215
7,3,611
7,3,556
7,3,486
7,3,615
7,3,615
7,3,436
7,3,652
7,3,507
7,3,586
7,3,662
7,3,543
7,3,280
7,3,648
7,3,617
7,3,610
7,3,160
7,3,506
7,3,536
7,3,675
7,3,666
7,3,461
7,3,617
7,3,636
7,3,456
7,3,455
7,3,456
7,4,982
7,4,737
7,4,924
7,4,945
7,4,662
7,4,884
7,4,845
7,4,979
7,4,847
7,4,893
7,4,797
7,4,940
7,4,771
7,4,630
7,4,809
7,4,514
7,4,316
7,4,900
7,4,296
7,4,678
7,4,899
7,4,922
7,4,795
7,4,629
7,4,745
7,4,497
7,4,827
7,4,810
7,4,605
7,4,522
7,4,871
7,4,708
7,4,750
7,4,322
7,4,888
7,4,885
7,4,762
7,4,326
7,4,752
7,4,814
7,4,708
7,4,705
7,4,656
7,4,271
7,4,774
7,4,811
7,4,351
7,4,643
7,4,772
7,4,628
7,4,589
7,4,859
7,4,921
7,4,646
7,4,682
7,4,882
7,4,547
7,4,823
7,4,496
7,4,376
7,4,779
7,4,337
7,4,982
7,4,567
7,4,379
7,4,764
7,4,666
7,4,668
7,4,754
7,4,375
7,4,926
7,4,668
7,4,838
7,4,517
7,4,720
7,4,864
7,4,618
7,4,790
7,4,915
7,4,782
7,4,871
7,4,740
7,4,386
7,4,972
7,4,943
7,4,407
7,4,878
7,4,507
7,4,654
7,4,1027
7,4,826
7,4,671
7,4,428
7,4,975
7,4,840
7,4,651
7,4,984
7,4,741
7,4,804
7,4,495
7,5,939
7,5,980
7,5,1157
7,5,1173
7,5,1232
7,5,486
7,5,1234
7,5,889
7,5,616
7,5,1016
7,5,756
7,5,814
7,5,1047
7,5,967
7,5,737
7,5,681
7,5,1039
7,5,354
7,5,405
7,5,649
7,5,1084
7,5,635
7,5,668
7,5,1040
7,5,1083
7,5,717
7,5,751
7,5,494
7,5,1078
7,5,604
7,5,578
7,5,984
7,5,1116
7,5,693
7,5,959
7,5,1053
7,5,1182
7,5,697
7,5,986
7,5,930
7,5,848
7,5,1047
7,5,996
7,5,903
7,5,1114
7,5,1242
7,5,1295
7,5,652
7,5,1042
7,5,942
7,5,1183
7,5,1161
7,5,1102
7,5,1101
7,5,963
7,5,692
7,5,1195
7,5,1002
7,5,846
7,5,1210
7,5,252
7,5,1082
7,5,1317
7,5,683
7,5,285
7,5,1026
7,5,1021
7,5,522
7,5,1122
7,5,1240
7,5,883
7,5,1051
7,5,1234
7,5,514
7,5,1044
7,5,719
7,5,1067
7,5,1140
7,5,964
7,5,749
7,5,643
7,5,1190
7,5,1104
7,5,649
7,5,848
7,5,932
7,5,1240
7,5,625
7,5,637
7,5,701
7,5,621
7,5,1226
7,5,1096
7,5,614
7,5,816
7,5,1099
7,5,963
7,5,670
7,5,570
7,5,1081
7,6,893
7,6,1307
7,6,1176
7,6,729
7,6,944
7,6,1003
7,6,944
7,6,1323
7,6,668
7,6,1091
7,6,1350
7,6,1176
7,6,1152
7,6,953
7,6,935
7,6,1245
7,6,867
7,6,1183
7,6,1487
7,6,948
7,6,1182
7,6,1002
7,6,1142
7,6,1135
7,6,1432
7,6,911
7,6,1067
7,6,1261
7,6,728
7,6,906
7,6,753
7,6,1292
7,6,1110
7,6,1296
7,6,530
7,6,846
7,6,1019
7,6,1419
7,6,1418
7,6,1013
7,6,907
7,6,1044
7,6,836
7,6,1191
7,6,1410
7,6,1195
7,6,667
7,6,866
7,6,1513
7,6,899
7,6,1299
7,6,1297
7,6,877
7,6,1015
7,6,511
7,6,1368
7,6,1386
7,6,1200
7,6,1294
7,6,889
7,6,898
7,6,977
7,6,1067
7,6,1005
7,6,1124
7,6,1270
7,6,1156
7,6,1039
7,6,995
7,6,665
7,6,1093
7,6,890
7,6,1578
7,6,1203
7,6,1418
7,6,1234
7,6,1432
7,6,1368
7,6,1413
7,6,1290
7,6,1173
7,6,745
7,6,1497
7,6,490
7,6,1012
7,6,1104
7,6,1092
7,6,870
7,6,1552
7,6,1010
7,6,966
7,6,1451
7,6,1138
7,6,1204
7,6,1160
7,6,854
7,6,1069
7,6,1083
7,6,1494
7,6,809
7,7,1612
7,7,1751
7,7,881
7,7,1606
7,7,1615
7,7,1358
7,7,930
7,7,1404
7,7,1519
7,7,1725
7,7,657
7,7,1444
7,7,1391
7,7,1425
7,7,1818
7,7,1196
7,7,1720
7,7,1935
7,7,1674
7,7,1326
7,7,1797
7,7,1413
7,7,1089
7,7,1527
7,7,1047
7,7,1126
7,7,793
7,7,1076
7,7,1053
7,7,1581
7,7,1648
7,7,1002
7,7,903
7,7,1509
7,7,1242
7,7,1209
7,7,1627
7,7,1391
7,7,1240
7,7,1657
7,7,1178
7,7,1537
7,7,1616
7,7,1576
7,7,1328
7,7,1276
7,7,1501
7,7,1485
7,7,1416
7,7,1585
7,7,1256
7,7,1746
7,7,1228
7,7,1169
7,7,1439
7,7,1825
7,7,1247
7,7,1096
7,7,1684
7,7,1435
7,7,1438
7,7,1218
7,7,1603
7,7,956
7,7,1337
7,7,1498
7,7,1499
7,7,687
7,7,1454
7,7,1497
7,7,1167
7,7,1381
7,7,1334
7,7,1426
7,7,1312
7,7,961
7,7,1679
7,7,1212
7,7,1649
7,7,1584
7,7,1280
7,7,1661
7,7,1343
7,7,1578
7,7,1613
7,7,904
7,7,1437
7,7,883
7,7,1341
7,7,1622
7,7,1471
7,7,1590
7,7,1566
7,7,1106
7,7,1368
7,7,1450
7,7,1393
7,7,1541
7,7,1583
7,7,894
7,8,1792
7,8,1862
7,8,1630
7,8,1928
7,8,1422
7,8,2086
7,8,2392
7,8,2231
7,8,855
7,8,1737
7,8,2158
7,8,1841
7,8,917
7,8,1593
7,8,2318
7,8,1063
7,8,1408
7,8,2097
7,8,2512
7,8,2154
7,8,1971
7,8,1639
7,8,1698
7,8,1979
7,8,1981
7,8,2320
7,8,1993
7,8,2365
7,8,1005
7,8,1691
7,8,2139
7,8,2051
7,8,2575
7,8,1804
7,8,1939
7,8,1687
7,8,1200
7,8,2218
7,8,1477
7,8,1762
7,8,1941
7,8,2451
7,8,1575
7,8,2060
7,8,1528
7,8,2482
7,8,1974
7,8,1693
7,8,1886
7,8,1802
7,8,2402
7,8,1982
7,8,1867
7,8,1677
7,8,1876
7,8,2259
7,8,2417
7,8,1913
7,8,2002
7,8,2189
7,8,1836
7,8,2148
7,8,2017
7,8,1551
7,8,1875
7,8,1087
7,8,1626
7,8,965
7,8,1784
7,8,1336
7,8,2270
7,8,1626
7,8,1642
7,8,1827
7,8,1374
7,8,2445
7,8,1623
7,8,1914
7,8,1719
7,8,1782
7,8,2376
7,8,2382
7,8,1387
7,8,2561
7,8,1928
7,8,2046
7,8,2106
7,8,2500
7,8,2150
7,8,2551
7,8,1814
7,8,2171
7,8,1499
7,8,2343
7,8,2208
7,8,1861
7,8,1905
7,8,1121
7,8,1850
7,8,1840
7,9,3003
7,9,1046
7,9,1771
7,9,3117
7,9,1714
7,9,2051
7,9,2800
7,9,1437
7,9,3019
7,9,1909
7,9,1984
7,9,1514
7,9,1710
7,9,2887
7,9,2538
7,9,3418
7,9,3289
7,9,3738
7,9,1453
7,9,1617
7,9,1974
7,9,3312
7,9,3175
7,9,2583
7,9,2618
7,9,1324
7,9,2007
7,9,2386
7,9,1500
7,9,3137
7,9,2865
7,9,3256
7,9,1413
7,9,1931
7,9,1748
7,9,1705
7,9,2141
7,9,2694
7,9,2409
7,9,3137
7,9,2157
7,9,2789
7,9,3046
7,9,1679
7,9,3347
7,9,1281
7,9,1977
7,9,3391
7,9,2838
7,9,3828
7,9,2349
7,9,2403
7,9,2020
7,9,3224
7,9,1545
7,9,2185
7,9,1406
7,9,1462
7,9,2939
7,9,3132
7,9,2128
7,9,1386
7,9,2797
7,9,2616
7,9,3323
7,9,1217
7,9,2329
7,9,2486
7,9,2083
7,9,2419
7,9,1752
7,9,2886
7,9,2204
7,9,1482
7,9,1385
7,9,2504
7,9,2228
7,9,1571
7,9,2791
7,9,2495
7,9,2596
7,9,2990
7,9,2037
7,9,3228
7,9,2089
7,9,2584
7,9,1601
7,9,2729
7,9,2111
7,9,2581
7,9,1766
7,9,1567
7,9,2640
7,9,1354
7,9,1788
7,9,2241
7,9,2576
7,9,1858
7,9,3081
7,9,3127
7,10,4081
7,10,4170
7,10,3596
7,10,1896
7,10,4343
7,10,3933
7,10,1638
7,10,3514
7,10,2568
7,10,1480
7,10,4814
7,10,3713
7,10,2088
7,10,4353
7,10,2924
7,10,2762
7,10,4694
7,10,2848
7,10,2867
7,10,2921
7,10,4037
7,10,4242
7,10,4282
7,10,4906
7,10,5060
7,10,3634
7,10,3590
7,10,4049
7,10,4273
7,10,1750
7,10,2818
7,10,3563
7,10,3319
7,10,4517
7,10,1895
7,10,4536
7,10,2776
7,10,1872
7,10,2993
7,10,5179
7,10,2174
7,10,4101
7,10,3917
7,10,1553
7,10,4018
7,10,3647
7,10,2728
7,10,1995
7,10,2787
7,10,1177
7,10,3340
7,10,2600
7,10,2532
7,10,2984
7,10,1467
7,10,4856
7,10,4942
7,10,1606
7,10,3830
7,10,1588
7,10,2111
7,10,2100
7,10,3093
7,10,4071
7,10,4087
7,10,2598
7,10,2491
7,10,3020
7,10,4334
7,10,2627
7,10,2419
7,10,4079
7,10,3377
7,10,4670
7,10,3084
7,10,2614
7,10,2475
7,10,2034
7,10,2946
7,10,2618
7,10,5459
7,10,4061
7,10,2706
7,10,2525
7,10,1914
7,10,3543
7,10,2425
7,10,4799
7,10,2006
7,10,3131
7,10,3784
7,10,2032
7,10,1592
7,10,3387
7,10,3342
7,10,4756
7,10,4252
7,10,4436
7,10,2916
7,10,3424
8,1,194
8,1,149
8,1,188
8,1,193
8,1,212
8,1,148
8,1,129
8,1,182
8,1,199
8,1,177
8,1,228
8,1,56
8,1,199
8,1,132
8,1,181
8,1,171
8,1,186
8,1,152
8,1,141
8,1,194
8,1,131
8,1,195
8,1,121
8,1,191
8,1,184
8,1,203
8,1,162
8,1,190
8,1,207
8,1,196
8,1,73
8,1,106
8,1,231
8,1,102
8,1,42
8,1,139
8,1,172
8,1,168
8,1,193
8,1,68
8,1,121
8,1,188
8,1,203
8,1,201
8,1,183
8,1,141
8,1,189
8,1,123
8,1,43
8,1,146
8,1,135
8,1,179
8,1,54
8,1,176
8,1,116
8,1,162
8,1,142
8,1,156
8,1,172
8,1,195
8,1,144
8,1,174
8,1,143
8,1,159
8,1,176
8,1,181
8,1,199
8,1,178
8,1,221
8,1,215
8,1,39
8,1,215
8,1,182
8,1,208
8,1,173
8,1,195
8,1,125
8,1,172
8,1,50
8,1,58
8,1,205
8,1,176
8,1,184
8,1,178
8,1,144
8,1,207
8,1,170
8,1,201
8,1,178
8,1,67
8,1,166
8,1,187
8,1,119
8,1,170
8,1,179
8,1,167
8,1,181
8,1,114
8,1,185
8,1,158
8,2,478
8,2,570
8,2,193
8,2,562
8,2,525
8,2,294
8,2,491
8,2,409
8,2,559
8,2,549
8,2,571
8,2,464
8,2,222
8,2,606
8,2,562
8,2,181
8,2,654
8,2,415
8,2,566
8,2,183
8,2,370
8,2,330
8,2,498
8,2,634
8,2,151
8,2,385
8,2,448
8,2,269
8,2,550
8,2,573
8,2,667
8,2,604
8,2,527
8,2,613
8,2,183
8,2,291
8,2,599
8,2,580
8,2,616
8,2,409
8,2,675
8,2,594
8,2,478
8,2,566
8,2,615
8,2,516
8,2,545
8,2,552
8,2,477
8,2,556
8,2,186
8,2,434
8,2,537
8,2,596
8,2,589
8,2,557
8,2,327
8,2,585
8,2,497
8,2,605
8,2,572
8,2,603
8,2,545
8,2,528
8,2,363
8,2,560
8,2,668
8,2,461
8,2,517
8,2,455
8,2,538
8,2,534
8,2,464
8,2,615
8,2,599
8,2,521
8,2,690
8,2,535
8,2,482
8,2,163
8,2,679
8,2,485
8,2,538
8,2,555
8,2,406
8,2,599
8,2,281
8,2,601
8,2,663
8,2,461
8,2,522
8,2,426
8,2,342
8,2,611
8,2,380
8,2,566
8,2,691
8,2,480
8,2,607
8,2,459
8,3,720
8,3,724
8,3,905
8,3,323
8,3,696
8,3,491
8,3,957
8,3,599
8,3,910
8,3,794
8,3,930
8,3,949
8,3,755
8,3,864
8,3,766
8,3,234
8,3,661
8,3,908
8,3,610
8,3,918
8,3,684
8,3,821
8,3,926
8,3,933
8,3,255
8,3,1093
8,3,627
8,3,937
8,3,1028
8,3,883
8,3,828
8,3,765
8,3,958
8,3,216
8,3,1041
8,3,973
8,3,1029
8,3,931
8,3,997
8,3,590
8,3,720
8,3,789
8,3,1039
8,3,744
8,3,939
8,3,894
8,3,895
8,3,865
8,3,344
8,3,970
8,3,637
8,3,1003
8,3,942
8,3,1026
8,3,1004
8,3,712
8,3,652
8,3,953
8,3,862
8,3,864
8,3,962
8,3,876
8,3,567
8,3,617
8,3,992
8,3,519
8,3,834
8,3,812
8,3,997
8,3,735
8,3,924
8,3,970
8,3,614
8,3,1124
8,3,648
8,3,1167
8,3,841
8,3,933
8,3,994
8,3,866
8,3,843
8,3,749
8,3,982
8,3,951
8,3,236
8,3,190
8,3,293
8,3,472
8,3,784
8,3,490
8,3,748
8,3,1129
8,3,679
8,3,565
8,3,922
8,3,758
8,3,257
8,3,909
8,3,807
8,3,524
8,4,1074
8,4,1076
8,4,1071
8,4,1131
8,4,1334
8,4,855
8,4,1379
8,4,1363
8,4,1389
8,4,1238
8,4,401
8,4,1092
8,4,1392
8,4,644
8,4,1237
8,4,1016
8,4,526
8,4,1158
8,4,1092
8,4,506
8,4,765
8,4,1304
8,4,1027
8,4,1333
8,4,1095
8,4,1179
8,4,1162
8,4,1124
8,4,1245
8,4,1079
8,4,958
8,4,1259
8,4,317
8,4,472
8,4,484
8,4,1362
8,4,460
8,4,1130
8,4,1076
8,4,1279
8,4,625
8,4,951
8,4,962
8,4,1233
8,4,1254
8,4,1428
8,4,1178
8,4,1347
8,4,944
8,4,1054
8,4,349
8,4,607
8,4,1175
8,4,1518
8,4,1008
8,4,1289
8,4,1360
8,4,1198
8,4,1103
8,4,973
8,4,878
8,4,1305
8,4,1376
8,4,984
8,4,992
8,4,1481
8,4,599
8,4,630
8,4,750
8,4,830
8,4,1097
8,4,966
8,4,882
8,4,1139
8,4,1504
8,4,1438
8,4,411
8,4,1162
8,4,1061
8,4,1485
8,4,1360
8,4,746
8,4,1366
8,4,669
8,4,551
8,4,990
8,4,269
8,4,1035
8,4,972
8,4,997
8,4,1293
8,4,949
8,4,727
8,4,1337
8,4,801
8,4,1224
8,4,1351
8,4,1253
8,4,1427
8,4,1331
8,5,1436
8,5,479
8,5,477
8,5,1481
8,5,1337
8,5,1812
8,5,1090
8,5,1368
8,5,1019
8,5,1490
8,5,1524
8,5,1384
8,5,1733
8,5,1482
8,5,1645
8,5,1178
8,5,649
8,5,1652
8,5,1813
8,5,1688
8,5,667
8,5,1639
8,5,1787
8,5,673
8,5,1487
8,5,1442
8,5,1705
8,5,1333
8,5,1669
8,5,786
8,5,1644
8,5,1403
8,5,1825
8,5,1428
8,5,1544
8,5,1588
8,5,1601
8,5,1392
8,5,1420
8,5,1811
8,5,580
8,5,1946
8,5,811
8,5,1000
8,5,1022
8,5,457
8,5,1769
8,5,1645
8,5,1175
8,5,1192
8,5,961
8,5,1266
8,5,1062
8,5,1316
8,5,513
8,5,844
8,5,1558
8,5,1784
8,5,1220
8,5,604
8,5,1160
8,5,1210
8,5,581
8,5,1799
8,5,680
8,5,755
8,5,852
8,5,1421
8,5,665
8,5,1277
8,5,857
8,5,1182
8,5,1469
8,5,1341
8,5,1262
8,5,1718
8,5,1559
8,5,940
8,5,1299
8,5,1601
8,5,1001
8,5,1390
8,5,1616
8,5,1560
8,5,482
8,5,1699
8,5,1394
8,5,1860
8,5,1508
8,5,936
8,5,885
8,5,1210
8,5,1185
8,5,1383
8,5,1764
8,5,1742
8,5,955
8,5,1216
8,5,1356
8,5,1237
8,6,1869
8,6,1411
8,6,1887
8,6,1225
8,6,1236
8,6,1475
8,6,1798
8,6,1572
8,6,2133
8,6,1764
8,6,969
8,6,1418
8,6,1193
8,6,1395
8,6,2128
8,6,1037
8,6,1229
8,6,1382
8,6,2251
8,6,1104
8,6,1746
8,6,1450
8,6,1943
8,6,1297
8,6,1049
8,6,1932
8,6,2148
8,6,1461
8,6,1142
8,6,1995
8,6,2344
8,6,1174
8,6,2157
8,6,1983
8,6,1279
8,6,2053
8,6,1210
8,6,1327
8,6,1702
8,6,1987
8,6,1536
8,6,1270
8,6,1273
8,6,1986
8,6,1329
8,6,2189
8,6,2106
8,6,1135
8,6,1356
8,6,2337
8,6,1309
8,6,903
8,6,1146
8,6,986
8,6,1539
8,6,1870
8,6,1288
8,6,1995
8,6,1921
8,6,2199
8,6,1384
8,6,2082
8,6,1050
8,6,1342
8,6,1612
8,6,1922
8,6,1113
8,6,651
8,6,1181
8,6,1209
8,6,964
8,6,2112
8,6,936
8,6,1090
8,6,2103
8,6,1197
8,6,1359
8,6,1355
8,6,1793
8,6,1960
8,6,1820
8,6,1438
8,6,1308
8,6,1997
8,6,1432
8,6,1758
8,6,1891
8,6,861
8,6,1905
8,6,1818
8,6,898
8,6,973
8,6,666
8,6,2322
8,6,2045
8,6,1335
8,6,665
8,6,1749
8,6,1609
8,6,1129
8,7,1761
8,7,1935
8,7,1977
8,7,1633
8,7,1609
8,7,1138
8,7,2064
8,7,1754
8,7,1525
8,7,2488
8,7,1979
8,7,1977
8,7,1946
8,7,1790
8,7,2309
8,7,2004
8,7,1694
8,7,2766
8,7,2384
8,7,2072
8,7,1941
8,7,2527
8,7,1697
8,7,1938
8,7,1896
8,7,949
8,7,1852
8,7,1606
8,7,1539
8,7,1026
8,7,2458
8,7,2224
8,7,1660
8,7,1397
8,7,1075
8,7,1431
8,7,1069
8,7,1769
8,7,2204
8,7,1510
8,7,1645
8,7,1731
8,7,2442
8,7,1709
8,7,1797
8,7,1511
8,7,1633
8,7,1747
8,7,1834
8,7,2556
8,7,1455
8,7,906
8,7,1952
8,7,1303
8,7,1541
8,7,2411
8,7,1870
8,7,2611
8,7,2153
8,7,2532
8,7,1973
8,7,1935
8,7,1637
8,7,2250
8,7,1778
8,7,948
8,7,1940
8,7,1594
8,7,1594
8,7,1790
8,7,1793
8,7,1740
8,7,2202
8,7,2118
8,7,1824
8,7,996
8,7,1831
8,7,1838
8,7,2288
8,7,1365
8,7,2291
8,7,1636
8,7,1900
8,7,1497
8,7,1159
8,7,2344
8,7,2143
8,7,1025
8,7,1881
8,7,1669
8,7,930
8,7,1729
8,7,1065
8,7,2051
8,7,1975
8,7,2281
8,7,1715
8,7,2440
8,7,2318
8,7,1668
8,8,3122
8,8,2934
8,8,2483
8,8,2283
8,8,1722
8,8,2226
8,8,2865
8,8,2117
8,8,2652
8,8,2508
8,8,2787
8,8,2518
8,8,2124
8,8,2218
8,8,3160
8,8,2910
8,8,3065
8,8,2657
8,8,1928
8,8,1863
8,8,1673
8,8,1821
8,8,2129
8,8,2663
8,8,2685
8,8,2501
8,8,1728
8,8,2790
8,8,2695
8,8,1212
8,8,2602
8,8,3120
8,8,1783
8,8,3247
8,8,2176
8,8,1838
8,8,1896
8,8,2509
8,8,2330
8,8,2378
8,8,2339
8,8,2509
8,8,1503
8,8,2516
8,8,2475
8,8,2728
8,8,2268
8,8,3083
8,8,2134
8,8,3008
8,8,2033
8,8,1971
8,8,2175
8,8,3055
8,8,2116
8,8,1998
8,8,2180
8,8,1208
8,8,2133
8,8,2356
8,8,2356
8,8,2665
8,8,2522
8,8,2294
8,8,2605
8,8,2175
8,8,1497
8,8,2658
8,8,2725
8,8,2305
8,8,1908
8,8,2746
8,8,2402
8,8,2111
8,8,2192
8,8,2486
8,8,2420
8,8,1913
8,8,2198
8,8,2848
8,8,2510
8,8,2440
8,8,2380
8,8,2682
8,8,2495
8,8,2994
8,8,1913
8,8,962
8,8,2729
8,8,2178
8,8,2546
8,8,1989
8,8,3063
8,8,1484
8,8,2179
8,8,2208
8,8,1750
8,8,1931
8,8,2040
8,8,2851
8,9,2562
8,9,2809
8,9,2645
8,9,2821
8,9,2746
8,9,3218
8,9,1842
8,9,2700
8,9,3518
8,9,1679
8,9,2262
8,9,4022
8,9,3662
8,9,4082
8,9,3240
8,9,2951
8,9,2516
8,9,2800
8,9,4181
8,9,3086
8,9,3787
8,9,2731
8,9,1718
8,9,3468
8,9,2437
8,9,3819
8,9,2537
8,9,4006
8,9,3388
8,9,2905
8,9,3844
8,9,4170
8,9,2150
8,9,2965
8,9,3357
8,9,3536
8,9,2522
8,9,2587
8,9,3537
8,9,3177
8,9,3295
8,9,3813
8,9,2509
8,9,2692
8,9,2209
8,9,2056
8,9,2894
8,9,2428
8,9,2714
8,9,3738
8,9,3528
8,9,3778
8,9,1963
8,9,2755
8,9,2518
8,9,2636
8,9,2227
8,9,1820
8,9,2363
8,9,3231
8,9,2713
8,9,4033
8,9,3186
8,9,3508
8,9,3345
8,9,2279
8,9,1636
8,9,1810
8,9,3245
8,9,2657
8,9,2898
8,9,2689
8,9,3481
8,9,2898
8,9,2630
8,9,2717
8,9,2358
8,9,2328
8,9,3097
8,9,3359
8,9,2777
8,9,2297
8,9,3220
8,9,2378
8,9,1781
8,9,3987
8,9,1614
8,9,2711
8,9,3079
8,9,3567
8,9,3207
8,9,3210
8,9,2909
8,9,3139
8,9,3153
8,9,3165
8,9,3618
8,9,4100
8,9,3033
8,9,2956
8,10,2458
8,10,3588
8,10,2687
8,10,4566
8,10,3363
8,10,3227
8,10,4244
8,10,5227
8,10,2930
8,10,3567
8,10,4132
8,10,3013
8,10,5319
8,10,1863
8,10,2574
8,10,3768
8,10,3379
8,10,4035
8,10,3689
8,10,4029
8,10,1698
8,10,2273
8,10,4927
8,10,4821
8,10,3785
8,10,4107
8,10,3486
8,10,3094
8,10,4485
8,10,4200
8,10,5469
8,10,5596
8,10,3371
8,10,3464
8,10,3120
8,10,4203
8,10,2832
8,10,4907
8,10,4698
8,10,3475
8,10,2983
8,10,5186
8,10,4065
8,10,5975
8,10,4273
8,10,2563
8,10,4717
8,10,3231
8,10,2807
8,10,2447
8,10,5113
8,10,2493
8,10,2253
8,10,4783
8,10,4891
8,10,1805
8,10,5425
8,10,3482
8,10,2798
8,10,4371
8,10,3069
8,10,2812
8,10,3938
8,10,3327
8,10,3118
8,10,3158
8,10,3154
8,10,4404
8,10,4962
8,10,3383
8,10,2942
8,10,2784
8,10,2256
8,10,3458
8,10,5092
8,10,3553
8,10,2013
8,10,3414
8,10,4182
8,10,4331
8,10,3870
8,10,4157
8,10,5326
8,10,4346
8,10,3517
8,10,3177
8,10,4859
8,10,5932
8,10,3557
8,10,4880
8,10,1922
8,10,3211
8,10,4558
8,10,3447
8,10,2225
8,10,2431
8,10,3753
8,10,4674
8,10,4616
8,10,2270
9,1,228
9,1,80
9,1,202
9,1,207
9,1,252
9,1,244
9,1,216
9,1,171
9,1,246
9,1,226
9,1,307
9,1,112
9,1,286
9,1,284
9,1,296
9,1,205
9,1,257
9,1,143
9,1,56
9,1,229
9,1,164
9,1,237
9,1,204
9,1,170
9,1,254
9,1,232
9,1,299
9,1,208
9,1,249
9,1,295
9,1,228
9,1,215
9,1,254
9,1,205
9,1,278
9,1,146
9,1,202
9,1,241
9,1,82
9,1,149
9,1,132
9,1,222
9,1,242
9,1,250
9,1,269
9,1,261
9,1,243
9,1,253
9,1,204
9,1,234
9,1,73
9,1,212
9,1,187
9,1,137
9,1,224
9,1,258
9,1,158
9,1,177
9,1,146
9,1,296
9,1,189
9,1,214
9,1,262
9,1,225
9,1,208
9,1,198
9,1,257
9,1,168
9,1,96
9,1,258
9,1,264
9,1,254
9,1,254
9,1,154
9,1,210
9,1,197
9,1,249
9,1,154
9,1,248
9,1,231
9,1,172
9,1,285
9,1,234
9,1,267
9,1,175
9,1,254
9,1,153
9,1,191
9,1,246
9,1,267
9,1,243
9,1,249
9,1,155
9,1,243
9,1,172
9,1,290
9,1,234
9,1,157
9,1,76
9,1,273
9,2,883
9,2,496
9,2,564
9,2,707
9,2,887
9,2,536
9,2,609
9,2,793
9,2,751
9,2,396
9,2,815
9,2,721
9,2,778
9,2,806
9,2,744
9,2,709
9,2,813
9,2,328
9,2,438
9,2,839
9,2,519
9,2,226
9,2,378
9,2,713
9,2,615
9,2,509
9,2,389
9,2,814
9,2,845
9,2,872
9,2,426
9,2,890
9,2,386
9,2,848
9,2,776
9,2,314
9,2,651
9,2,645
9,2,641
9,2,696
9,2,811
9,2,987
9,2,602
9,2,648
9,2,810
9,2,449
9,2,290
9,2,361
9,2,586
9,2,811
9,2,778
9,2,541
9,2,846
9,2,231
9,2,739
9,2,580
9,2,503
9,2,538
9,2,750
9,2,222
9,2,622
9,2,688
9,2,777
9,2,664
9,2,619
9,2,707
9,2,767
9,2,429
9,2,604
9,2,691
9,2,750
9,2,859
9,2,685
9,2,749
9,2,897
9,2,522
9,2,740
9,2,541
9,2,548
9,2,925
9,2,804
9,2,779
9,2,826
9,2,593
9,2,764
9,2,742
9,2,242
9,2,790
9,2,798
9,2,798
9,2,842
9,2,654
9,2,636
9,2,910
9,2,441
9,2,823
9,2,830
9,2,642
9,2,711
9,2,715
9,3,1230
9,3,579
9,3,1310
9,3,583
9,3,1103
9,3,829
9,3,1203
9,3,834
9,3,743
9,3,962
9,3,560
9,3,979
9,3,1471
9,3,1266
9,3,423
9,3,568
9,3,873
9,3,1244
9,3,679
9,3,1261
9,3,1333
9,3,1329
9,3,1248
9,3,1315
9,3,983
9,3,1166
9,3,1511
9,3,1011
9,3,1194
9,3,981
9,3,1302
9,3,1035
9,3,1136
9,3,1182
9,3,1260
9,3,1403
9,3,1407
9,3,1217
9,3,1238
9,3,363
9,3,822
9,3,1039
9,3,1119
9,3,1423
9,3,1288
9,3,650
9,3,460
9,3,1326
9,3,1532
9,3,1371
9,3,1318
9,3,1464
9,3,1183
9,3,565
9,3,1173
9,3,1250
9,3,758
9,3,1138
9,3,1153
9,3,888
9,3,1189
9,3,1153
9,3,1259
9,3,1173
9,3,1099
9,3,1298
9,3,722
9,3,1293
9,3,869
9,3,817
9,3,410
9,3,1180
9,3,596
9,3,1246
9,3,734
9,3,1378
9,3,1322
9,3,1009
9,3,1035
9,3,380
9,3,1048
9,3,1321
9,3,663
9,3,1162
9,3,544
9,3,1058
9,3,910
9,3,902
9,3,538
9,3,862
9,3,1306
9,3,858
9,3,1397
9,3,1063
9,3,1303
9,3,1340
9,3,828
9,3,1279
9,3,563
9,3,533
9,4,2007
9,4,1168
9,4,1675
9,4,1567
9,4,1516
9,4,1562
9,4,2019
9,4,1760
9,4,1723
9,4,1709
9,4,1843
9,4,1745
9,4,1745
9,4,1846
9,4,2179
9,4,2087
9,4,1422
9,4,1924
9,4,1945
9,4,536
9,4,1104
9,4,1308
9,4,2163
9,4,1838
9,4,1869
9,4,445
9,4,1933
9,4,1301
9,4,1559
9,4,1433
9,4,1907
9,4,998
9,4,1277
9,4,1442
9,4,313
9,4,1551
9,4,1845
9,4,439
9,4,909
9,4,2020
9,4,1503
9,4,1377
9,4,1293
9,4,1017
9,4,1073
9,4,1149
9,4,1399
9,4,1664
9,4,1459
9,4,1813
9,4,935
9,4,1047
9,4,1868
9,4,1010
9,4,979
9,4,1647
9,4,1274
9,4,522
9,4,1909
9,4,1173
9,4,1389
9,4,1852
9,4,1260
9,4,1122
9,4,1775
9,4,1734
9,4,1339
9,4,568
9,4,729
9,4,1142
9,4,1868
9,4,1691
9,4,1638
9,4,1594
9,4,1556
9,4,1491
9,4,850
9,4,1982
9,4,1940
9,4,1767
9,4,1382
9,4,916
9,4,1684
9,4,1383
9,4,843
9,4,410
9,4,1293
9,4,1360
9,4,1960
9,4,1665
9,4,1565
9,4,1777
9,4,1364
9,4,1405
9,4,1560
9,4,258
9,4,1199
9,4,1126
9,4,2027
9,4,441
9,5,1792
9,5,2300
9,5,1862
9,5,1070
9,5,1978
9,5,697
9,5,1538
9,5,1933
9,5,1306
9,5,2533
9,5,1439
9,5,2232
9,5,2063
9,5,1719
9,5,1718
9,5,2383
9,5,2301
9,5,2369
9,5,875
9,5,676
9,5,786
9,5,837
9,5,1713
9,5,2171
9,5,2201
9,5,1422
9,5,1462
9,5,2771
9,5,2130
9,5,2479
9,5,1294
9,5,2588
9,5,1073
9,5,1940
9,5,1489
9,5,1957
9,5,2206
9,5,773
9,5,1026
9,5,1373
9,5,870
9,5,1216
9,5,1769
9,5,1034
9,5,2259
9,5,2062
9,5,2349
9,5,1615
9,5,2625
9,5,1622
9,5,2108
9,5,827
9,5,1422
9,5,1856
9,5,2248
9,5,1814
9,5,2131
9,5,2347
9,5,2003
9,5,2194
9,5,1381
9,5,2021
9,5,1911
9,5,1536
9,5,2255
9,5,1203
9,5,2236
9,5,1489
9,5,2207
9,5,2412
9,5,1795
9,5,2128
9,5,2178
9,5,1088
9,5,2205
9,5,554
9,5,1704
9,5,1687
9,5,2557
9,5,477
9,5,1819
9,5,2148
9,5,2458
9,5,1183
9,5,2171
9,5,1182
9,5,1903
9,5,2141
9,5,1740
9,5,1095
9,5,2317
9,5,501
9,5,934
9,5,2354
9,5,2268
9,5,1660
9,5,1388
9,5,2177
9,5,2725
9,5,1797
9,6,2183
9,6,2846
9,6,2024
9,6,2567
9,6,2962
9,6,921
9,6,2237
9,6,2549
9,6,1366
9,6,1572
9,6,1571
9,6,2660
9,6,1377
9,6,1211
9,6,2481
9,6,2322
9,6,2050
9,6,2516
9,6,1430
9,6,1360
9,6,1401
9,6,972
9,6,2321
9,6,1865
9,6,2689
9,6,2521
9,6,2916
9,6,2245
9,6,1395
9,6,2259
9,6,2620
9,6,3046
9,6,2553
9,6,2142
9,6,775
9,6,2750
9,6,1651
9,6,2897
9,6,2454
9,6,1817
9,6,2216
9,6,2002
9,6,2358
9,6,923
9,6,2678
9,6,1511
9,6,2589
9,6,1415
9,6,1025
9,6,2117
9,6,1865
9,6,2548
9,6,3042
9,6,1238
9,6,875
9,6,2307
9,6,2748
9,6,1455
9,6,959
9,6,2713
9,6,2479
9,6,2808
9,6,3000
9,6,1384
9,6,2248
9,6,1599
9,6,2593
9,6,1635
9,6,1376
9,6,1070
9,6,2765
9,6,1651
9,6,1547
9,6,2770
9,6,2332
9,6,2406
9,6,2086
9,6,1640
9,6,2343
9,6,2259
9,6,1215
9,6,2832
9,6,1568
9,6,2626
9,6,2424
9,6,1869
9,6,1394
9,6,1005
9,6,2369
9,6,1819
9,6,3176
9,6,1712
9,6,850
9,6,2699
9,6,2500
9,6,1376
9,6,1820
9,6,2169
9,6,1521
9,6,1156
9,7,3722
9,7,1205
9,7,1763
9,7,3006
9,7,2256
9,7,2134
9,7,3077
9,7,2753
9,7,2783
9,7,3302
9,7,1436
9,7,1894
9,7,2922
9,7,2784
9,7,1656
9,7,2393
9,7,2035
9,7,3054
9,7,2150
9,7,1194
9,7,1881
9,7,2325
9,7,1800
9,7,3507
9,7,2683
9,7,3265
9,7,1696
9,7,2915
9,7,3503
9,7,1832
9,7,2351
9,7,1361
9,7,2791
9,7,2850
9,7,2383
9,7,2793
9,7,1690
9,7,2872
9,7,3242
9,7,1148
9,7,2756
9,7,2578
9,7,1977
9,7,3770
9,7,2419
9,7,1788
9,7,3298
9,7,1806
9,7,2235
9,7,3162
9,7,2192
9,7,2149
9,7,3341
9,7,1128
9,7,2686
9,7,2894
9,7,2610
9,7,2149
9,7,2626
9,7,1048
9,7,3394
9,7,3328
9,7,2044
9,7,2999
9,7,3331
9,7,1795
9,7,3740
9,7,3423
9,7,2346
9,7,2409
9,7,2254
9,7,3234
9,7,2165
9,7,2896
9,7,2454
9,7,2450
9,7,1811
9,7,3420
9,7,3225
9,7,3017
9,7,3192
9,7,2611
9,7,2813
9,7,2395
9,7,3095
9,7,2550
9,7,3275
9,7,3177
9,7,3042
9,7,2216
9,7,2317
9,7,1740
9,7,1776
9,7,3387
9,7,3245
9,7,2392
9,7,3035
9,7,2709
9,7,2001
9,7,3331
9,8,2981
9,8,2236
9,8,2651
9,8,2597
9,8,2871
9,8,2006
9,8,3140
9,8,3003
9,8,3302
9,8,3977
9,8,2671
9,8,3328
9,8,3678
9,8,2732
9,8,4093
9,8,3594
9,8,2344
9,8,1995
9,8,1604
9,8,2623
9,8,3906
9,8,3208
9,8,1829
9,8,2433
9,8,2668
9,8,2046
9,8,3123
9,8,3731
9,8,2603
9,8,2670
9,8,2618
9,8,2667
9,8,3083
9,8,3447
9,8,4044
9,8,1389
9,8,2548
9,8,2557
9,8,3049
9,8,3261
9,8,2977
9,8,3119
9,8,3633
9,8,1556
9,8,3714
9,8,2853
9,8,3534
9,8,3069
9,8,1044
9,8,3025
9,8,2290
9,8,2926
9,8,3641
9,8,2810
9,8,4072
9,8,1220
9,8,4041
9,8,2864
9,8,3000
9,8,2091
9,8,2904
9,8,1898
9,8,3905
9,8,1243
9,8,3403
9,8,2281
9,8,2517
9,8,3353
9,8,3696
9,8,3781
9,8,3300
9,8,3041
9,8,3925
9,8,1505
9,8,3586
9,8,2877
9,8,3080
9,8,1512
9,8,3629
9,8,2886
9,8,3379
9,8,3411
9,8,1295
9,8,3170
9,8,3333
9,8,2821
9,8,2115
9,8,3323
9,8,2032
9,8,3212
9,8,2573
9,8,1804
9,8,2624
9,8,3192
9,8,3452
9,8,2775
9,8,2496
9,8,2843
9,8,3675
9,8,2880
9,9,4403
9,9,4326
9,9,2227
9,9,4219
9,9,4213
9,9,3750
9,9,3246
9,9,4226
9,9,1936
9,9,3525
9,9,4003
9,9,4810
9,9,2809
9,9,2473
9,9,4029
9,9,3950
9,9,2994
9,9,4429
9,9,3219
9,9,2380
9,9,4242
9,9,4124
9,9,3835
9,9,2363
9,9,4372
9,9,4051
9,9,4143
9,9,4043
9,9,3879
9,9,3691
9,9,2175
9,9,1969
9,9,4701
9,9,3907
9,9,3628
9,9,4062
9,9,3491
9,9,3454
9,9,4119
9,9,4393
9,9,3851
9,9,4156
9,9,4434
9,9,4139
9,9,3202
9,9,3950
9,9,3494
9,9,3011
9,9,2807
9,9,3141
9,9,3933
9,9,4021
9,9,4103
9,9,4050
9,9,4590
9,9,3980
9,9,1874
9,9,3638
9,9,2330
9,9,2029
9,9,3403
9,9,3673
9,9,4348
9,9,4017
9,9,3971
9,9,2946
9,9,4011
9,9,3330
9,9,3642
9,9,3522
9,9,3822
9,9,3651
9,9,3576
9,9,4043
9,9,3202
9,9,3891
9,9,3473
9,9,3932
9,9,3867
9,9,3607
9,9,4301
9,9,3313
9,9,3742
9,9,2460
9,9,2822
9,9,2465
9,9,3704
9,9,4285
9,9,3976
9,9,3585
9,9,3618
9,9,2613
9,9,3838
9,9,3428
9,9,3670
9,9,3916
9,9,4054
9,9,3608
9,9,3151
9,9,2806
9,10,5647
9,10,5572
9,10,5584
9,10,4087
9,10,5791
9,10,4052
9,10,4094
9,10,5044
9,10,4694
9,10,4269
9,10,5968
9,10,2042
9,10,5086
9,10,4481
9,10,6081
9,10,5653
9,10,3869
9,10,3693
9,10,3274
9,10,3684
9,10,4152
9,10,3966
9,10,2521
9,10,3873
9,10,4021
9,10,5879
9,10,4431
9,10,4254
9,10,2869
9,10,3182
9,10,5578
9,10,4503
9,10,2690
9,10,4437
9,10,5104
9,10,4101
9,10,4557
9,10,4515
9,10,4363
9,10,3597
9,10,4213
9,10,2079
9,10,5783
9,10,4835
9,10,2683
9,10,3705
9,10,5294
9,10,5812
9,10,3140
9,10,5787
9,10,3525
9,10,3610
9,10,5140
9,10,3318
9,10,3996
9,10,2126
9,10,5038
9,10,6211
9,10,2046
9,10,5952
9,10,4445
9,10,5444
9,10,3551
9,10,4331
9,10,6522
9,10,4686
9,10,4785
9,10,5784
9,10,4740
9,10,5790
9,10,4455
9,10,5228
9,10,5677
9,10,4292
9,10,3695
9,10,4857
9,10,3003
9,10,4342
9,10,4214
9,10,4146
9,10,4893
9,10,4477
9,10,4202
9,10,4920
9,10,6034
9,10,6122
9,10,5154
9,10,3128
9,10,2960
9,10,3625
9,10,5750
9,10,5124
9,10,4982
9,10,3853
9,10,5316
9,10,4074
9,10,5113
9,10,5536
9,10,6100
9,10,2708
10,1,269
10,1,315
10,1,299
10,1,292
10,1,421
10,1,364
10,1,398
10,1,392
10,1,236
10,1,288
10,1,288
10,1,344
10,1,211
10,1,286
10,1,233
10,1,204
10,1,326
10,1,311
10,1,409
10,1,403
10,1,429
10,1,319
10,1,314
10,1,292
10,1,354
10,1,349
10,1,240
10,1,133
10,1,329
10,1,401
10,1,243
10,1,357
10,1,274
10,1,412
10,1,366
10,1,210
10,1,173
10,1,284
10,1,301
10,1,316
10,1,318
10,1,389
10,1,325
10,1,340
10,1,311
10,1,318
10,1,287
10,1,142
10,1,341
10,1,358
10,1,307
10,1,320
10,1,349
10,1,354
10,1,272
10,1,400
10,1,232
10,1,257
10,1,344
10,1,291
10,1,264
10,1,344
10,1,201
10,1,51
10,1,330
10,1,279
10,1,106
10,1,337
10,1,339
10,1,367
10,1,298
10,1,326
10,1,418
10,1,287
10,1,98
10,1,391
10,1,363
10,1,401
10,1,343
10,1,341
10,1,195
10,1,131
10,1,72
10,1,373
10,1,308
10,1,330
10,1,373
10,1,202
10,1,291
10,1,334
10,1,254
10,1,305
10,1,108
10,1,241
10,1,285
10,1,406
10,1,319
10,1,253
10,1,301
10,1,358
10,2,1124
10,2,385
10,2,922
10,2,943
10,2,1064
10,2,1031
10,2,783
10,2,832
10,2,538
10,2,1164
10,2,1262
10,2,354
10,2,1063
10,2,913
10,2,1281
10,2,433
10,2,377
10,2,1082
10,2,589
10,2,1087
10,2,1157
10,2,963
10,2,1149
10,2,1043
10,2,1217
10,2,774
10,2,721
10,2,851
10,2,919
10,2,1158
10,2,955
10,2,1101
10,2,436
10,2,791
10,2,1160
10,2,822
10,2,614
10,2,1043
10,2,980
10,2,662
10,2,1146
10,2,1240
10,2,934
10,2,894
10,2,901
10,2,353
10,2,725
10,2,427
10,2,1118
10,2,520
10,2,879
10,2,782
10,2,1056
10,2,1108
10,2,826
10,2,1041
10,2,664
10,2,907
10,2,751
10,2,1007
10,2,932
10,2,934
10,2,935
10,2,801
10,2,769
10,2,1108
10,2,1143
10,2,791
10,2,1194
10,2,1146
10,2,1168
10,2,1119
10,2,965
10,2,1070
10,2,1305
10,2,922
10,2,626
10,2,1116
10,2,1272
10,2,1130
10,2,1052
10,2,1107
10,2,1198
10,2,231
10,2,837
10,2,1196
10,2,1039
10,2,1012
10,2,786
10,2,557
10,2,688
10,2,1186
10,2,887
10,2,1050
10,2,348
10,2,1197
10,2,835
10,2,1039
10,2,925
10,2,1071
10,3,883
10,3,1170
10,3,1568
10,3,1323
10,3,817
10,3,972
10,3,770
10,3,1861
10,3,1864
10,3,1065
10,3,1744
10,3,1809
10,3,983
10,3,1551
10,3,973
10,3,1557
10,3,470
10,3,580
10,3,1571
10,3,1540
10,3,1098
10,3,1227
10,3,1516
10,3,1967
10,3,1634
10,3,1244
10,3,1605
10,3,1561
10,3,1538
10,3,1839
10,3,1511
10,3,1456
10,3,449
10,3,1756
10,3,1839
10,3,1975
10,3,2050
10,3,1423
10,3,1404
10,3,666
10,3,1142
10,3,1791
10,3,779
10,3,930
10,3,1971
10,3,1006
10,3,1834
10,3,796
10,3,1839
10,3,976
10,3,1035
10,3,1480
10,3,1551
10,3,1598
10,3,1727
10,3,572
10,3,1965
10,3,1697
10,3,1863
10,3,1380
10,3,1361
10,3,1703
10,3,1806
10,3,1369
10,3,1554
10,3,1439
10,3,815
10,3,1873
10,3,502
10,3,1273
10,3,1775
10,3,407
10,3,2036
10,3,1654
10,3,1891
10,3,1737
10,3,1923
10,3,1664
10,3,1629
10,3,1819
10,3,1908
10,3,1724
10,3,1077
10,3,1829
10,3,1248
10,3,662
10,3,1152
10,3,1841
10,3,1675
10,3,1569
10,3,1052
10,3,1612
10,3,1458
10,3,1146
10,3,620
10,3,1610
10,3,1140
10,3,1387
10,3,504
10,3,1284
10,4,2843
10,4,2592
10,4,1290
10,4,1876
10,4,680
10,4,1890
10,4,2487
10,4,1958
10,4,2580
10,4,2382
10,4,941
10,4,1689
10,4,2103
10,4,1540
10,4,1958
10,4,2081
10,4,743
10,4,2172
10,4,2488
10,4,2100
10,4,1831
10,4,731
10,4,1902
10,4,2363
10,4,1432
10,4,2546
10,4,2866
10,4,2276
10,4,1958
10,4,2108
10,4,1426
10,4,2516
10,4,2448
10,4,600
10,4,2392
10,4,2252
10,4,2409
10,4,1825
10,4,2142
10,4,1879
10,4,999
10,4,2679
10,4,1937
10,4,2087
10,4,1722
10,4,1959
10,4,2431
10,4,2395
10,4,2205
10,4,1686
10,4,1654
10,4,2250
10,4,2486
10,4,2546
10,4,1722
10,4,882
10,4,620
10,4,1652
10,4,934
10,4,1679
10,4,2282
10,4,2553
10,4,1974
10,4,2417
10,4,2437
10,4,1944
10,4,2652
10,4,1587
10,4,2498
10,4,2371
10,4,1699
10,4,2183
10,4,2317
10,4,1671
10,4,1567
10,4,2573
10,4,1058
10,4,2181
10,4,1334
10,4,2466
10,4,2529
10,4,868
10,4,2448
10,4,2402
10,4,2748
10,4,2693
10,4,1496
10,4,2098
10,4,2519
10,4,2011
10,4,2523
10,4,2524
10,4,1570
10,4,2519
10,4,620
10,4,2668
10,4,2315
10,4,1455
10,4,626
10,4,474
10,5,3144
10,5,1665
10,5,3628
10,5,2425
10,5,3136
10,5,2414
10,5,1244
10,5,2134
10,5,3287
10,5,2406
10,5,3168
10,5,2723
10,5,2735
10,5,1261
10,5,1429
10,5,3259
10,5,1418
10,5,2659
10,5,3430
10,5,2971
10,5,2046
10,5,1344
10,5,2469
10,5,1643
10,5,1739
10,5,2974
10,5,1975
10,5,3178
10,5,1916
10,5,3180
10,5,3084
10,5,3577
10,5,2034
10,5,3300
10,5,2009
10,5,2214
10,5,3001
10,5,2190
10,5,3508
10,5,2672
10,5,3212
10,5,3508
10,5,3633
10,5,3334
10,5,3024
10,5,2474
10,5,3531
10,5,3058
10,5,2818
10,5,3027
10,5,2773
10,5,3382
10,5,3626
10,5,877
10,5,2855
10,5,2996
10,5,991
10,5,3125
10,5,3259
10,5,2248
10,5,1284
10,5,3273
10,5,1675
10,5,2563
10,5,1997
10,5,3187
10,5,2603
10,5,1410
10,5,1313
10,5,3057
10,5,3029
10,5,943
10,5,2704
10,5,2335
10,5,920
10,5,2073
10,5,3515
10,5,2654
10,5,3298
10,5,864
10,5,2851
10,5,1321
10,5,2172
10,5,2831
10,5,2987
10,5,2405
10,5,2939
10,5,1034
10,5,2862
10,5,922
10,5,2469
10,5,2153
10,5,2144
10,5,893
10,5,3200
10,5,2995
10,5,2900
10,5,1954
10,5,2303
10,5,2959
10,6,3853
10,6,942
10,6,3856
10,6,3580
10,6,2963
10,6,3249
10,6,3902
10,6,2883
10,6,2394
10,6,1663
10,6,1585
10,6,2241
10,6,3274
10,6,3676
10,6,1326
10,6,3336
10,6,3569
10,6,4130
10,6,1431
10,6,2895
10,6,3759
10,6,3607
10,6,3133
10,6,1971
10,6,3279
10,6,1169
10,6,2892
10,6,1503
10,6,4104
10,6,3977
10,6,4092
10,6,2842
10,6,3502
10,6,853
10,6,2510
10,6,2434
10,6,1447
10,6,3296
10,6,1551
10,6,1149
10,6,2525
10,6,3969
10,6,3972
10,6,1821
10,6,1460
10,6,4090
10,6,2988
10,6,3925
10,6,3603
10,6,1872
10,6,4358
10,6,1256
10,6,2925
10,6,1348
10,6,3387
10,6,1373
10,6,1297
10,6,3931
10,6,3296
10,6,3965
10,6,3718
10,6,3758
10,6,1733
10,6,3122
10,6,3494
10,6,1999
10,6,3713
10,6,2915
10,6,3749
10,6,1184
10,6,2440
10,6,3473
10,6,1228
10,6,1639
10,6,4069
10,6,1198
10,6,3309
10,6,1558
10,6,2486
10,6,2930
10,6,2883
10,6,3419
10,6,3231
10,6,3504
10,6,2982
10,6,1400
10,6,3203
10,6,2436
10,6,3348
10,6,3828
10,6,3256
10,6,1725
10,6,3377
10,6,1583
10,6,3782
10,6,3769
10,6,2995
10,6,2997
10,6,3040
10,6,3244
10,7,1755
10,7,4184
10,7,3676
10,7,4617
10,7,2014
10,7,1960
10,7,2400
10,7,4618
10,7,4033
10,7,2140
10,7,4326
10,7,4010
10,7,2832
10,7,4890
10,7,3675
10,7,4358
10,7,3896
10,7,3120
10,7,2135
10,7,3174
10,7,1357
10,7,4697
10,7,4834
10,7,1521
10,7,3555
10,7,5247
10,7,3634
10,7,2095
10,7,2384
10,7,2357
10,7,2178
10,7,3096
10,7,3893
10,7,4544
10,7,2232
10,7,2699
10,7,2798
10,7,1909
10,7,3572
10,7,3884
10,7,2479
10,7,4140
10,7,3927
10,7,4065
10,7,3578
10,7,3710
10,7,3237
10,7,1158
10,7,4280
10,7,3609
10,7,4482
10,7,3672
10,7,2980
10,7,3105
10,7,3956
10,7,3553
10,7,3169
10,7,3684
10,7,3456
10,7,1977
10,7,4109
10,7,3410
10,7,4611
10,7,1483
10,7,2439
10,7,2140
10,7,2512
10,7,1798
10,7,4083
10,7,2464
10,7,3712
10,7,3238
10,7,2724
10,7,1466
10,7,2370
10,7,5241
10,7,3216
10,7,3396
10,7,2496
10,7,2535
10,7,3324
10,7,1338
10,7,3563
10,7,2588
10,7,1679
10,7,3711
10,7,4070
10,7,3713
10,7,1744
10,7,3493
10,7,1678
10,7,1412
10,7,1826
10,7,2947
10,7,3653
10,7,4203
10,7,3647
10,7,1445
10,7,2170
10,7,2498
10,8,3985
10,8,4222
10,8,5252
10,8,2856
10,8,3840
10,8,2208
10,8,4600
10,8,2673
10,8,3128
10,8,1533
10,8,3275
10,8,1820
10,8,4965
10,8,5362
10,8,3978
10,8,4709
10,8,5360
10,8,2415
10,8,3757
10,8,3999
10,8,2959
10,8,3424
10,8,3023
10,8,3811
10,8,3315
10,8,4059
10,8,5346
10,8,4553
10,8,2621
10,8,3536
10,8,3059
10,8,2340
10,8,2935
10,8,3454
10,8,3807
10,8,4642
10,8,2642
10,8,3171
10,8,4742
10,8,5551
10,8,4658
10,8,5156
10,8,5349
10,8,3226
10,8,2724
10,8,2505
10,8,4486
10,8,4572
10,8,2697
10,8,3851
10,8,5521
10,8,4524
10,8,3947
10,8,3688
10,8,2852
10,8,2084
10,8,3819
10,8,4331
10,8,2050
10,8,1908
10,8,4261
10,8,4764
10,8,4448
10,8,4325
10,8,2919
10,8,5598
10,8,5434
10,8,5209
10,8,3816
10,8,3583
10,8,4042
10,8,3627
10,8,2631
10,8,3508
10,8,3088
10,8,4216
10,8,3544
10,8,2111
10,8,3914
10,8,2489
10,8,2957
10,8,3084
10,8,4646
10,8,2596
10,8,4518
10,8,3182
10,8,2324
10,8,3041
10,8,2897
10,8,5529
10,8,4714
10,8,2085
10,8,3321
10,8,5249
10,8,3358
10,8,2161
10,8,2362
10,8,2773
10,8,1502
10,8,5482
10,9,4552
10,9,3541
10,9,4634
10,9,4148
10,9,5306
10,9,3848
10,9,4357
10,9,2088
10,9,3295
10,9,3928
10,9,4565
10,9,5029
10,9,4927
10,9,4269
10,9,5391
10,9,4223
10,9,4219
10,9,4308
10,9,3621
10,9,3273
10,9,3770
10,9,6155
10,9,4977
10,9,3876
10,9,4664
10,9,5104
10,9,3742
10,9,4678
10,9,5119
10,9,3923
10,9,3691
10,9,5231
10,9,5868
10,9,4864
10,9,3915
10,9,3955
10,9,4276
10,9,3721
10,9,3963
10,9,4805
10,9,4532
10,9,3303
10,9,4266
10,9,3988
10,9,5310
10,9,3942
10,9,3847
10,9,3746
10,9,4427
10,9,5132
10,9,2752
10,9,4645
10,9,4404
10,9,4169
10,9,5349
10,9,5676
10,9,3433
10,9,5430
10,9,3659
10,9,5103
10,9,5105
10,9,3239
10,9,5007
10,9,4256
10,9,5529
10,9,4905
10,9,5421
10,9,5624
10,9,6226
10,9,4177
10,9,4484
10,9,4343
10,9,2367
10,9,4370
10,9,2011
10,9,5161
10,9,3026
10,9,4058
10,9,4588
10,9,5916
10,9,5084
10,9,4376
10,9,3303
10,9,4720
10,9,5165
10,9,5103
10,9,6188
10,9,3960
10,9,5370
10,9,3912
10,9,2486
10,9,4730
10,9,2229
10,9,3938
10,9,5890
10,9,2311
10,9,2550
10,9,2439
10,9,5932
10,9,4415
10,10,5790
10,10,6637
10,10,2736
10,10,2966
10,10,3203
10,10,4701
10,10,4918
10,10,5759
10,10,6245
10,10,3646
10,10,6299
10,10,6000
10,10,5773
10,10,7356
10,10,5042
10,10,5127
10,10,5472
10,10,5418
10,10,5684
10,10,6438
10,10,2758
10,10,3154
10,10,5688
10,10,5185
10,10,3274
10,10,6741
10,10,5118
10,10,5109
10,10,5115
10,10,5373
10,10,2912
10,10,4842
10,10,5094
10,10,5188
10,10,5607
10,10,6452
10,10,2702
10,10,6141
10,10,3966
10,10,5656
10,10,4881
10,10,5645
10,10,6332
10,10,5402
10,10,5523
10,10,3204
10,10,2917
10,10,5212
10,10,5190
10,10,5446
10,10,6002
10,10,4901
10,10,4917
10,10,4440
10,10,6445
10,10,4853
10,10,3206
10,10,4137
10,10,5730
10,10,4061
10,10,3329
10,10,6631
10,10,6805
10,10,6215
10,10,5558
10,10,5473
10,10,6613
10,10,5953
10,10,6436
10,10,5010
10,10,3817
10,10,4288
10,10,2764
10,10,6248
10,10,5923
10,10,4159
10,10,6575
10,10,3862
10,10,4193
10,10,5640
10,10,2694
10,10,3225
10,10,5104
10,10,5301
10,10,5523
10,10,6821
10,10,2828
10,10,5652
10,10,4588
10,10,3518
10,10,5751
10,10,3814
10,10,6683
10,10,5530
10,10,5458
10,10,4314
10,10,2939
10,10,5157
10,10,4164
10,10,4982
