Time [s],Capacitor voltage [V],GPIO [V]
5.2467e-06,1.02212,1.83157
4.31867e-05,1.024876,1.79431
8.11267e-05,1.023727,1.79628
0.0001190867,1.023836,1.79701
0.0001570667,1.025286,1.82451
0.0001950467,1.022774,1.79655
0.0002330467,1.024471,1.79206
0.0002710467,1.024587,1.82306
0.0003090667,1.022639,1.78468
0.0003470867,1.024512,1.81356
0.0003851267,1.0239,1.79734
0.0004231667,1.024613,1.80703
0.0004612267,1.02482,1.80281
0.0004992667,1.023333,1.81627
0.0005371067,1.024918,1.82095
0.0005749467,1.023258,1.7825
0.0006128067,1.024613,1.81752
0.0006506667,1.0239,1.78633
0.0006885467,1.024257,1.83111
0.0007264267,1.024475,1.80255
0.0007643267,1.025278,1.82049
0.0008022267,1.025323,1.8193
0.0008401467,1.022338,1.80103
0.0008780667,1.027415,1.82392
0.0009160067,1.024501,1.79055
0.0009539467,1.025624,1.79985
0.0009919067,1.023382,1.84878
0.0010298667,1.023814,1.79859
0.0010678467,1.023615,1.81013
0.0011058467,1.022973,1.8013
0.0011438467,1.024542,1.7949
0.0011818467,1.026348,1.81323
0.0012198667,1.024655,1.79516
0.0012579067,1.024891,1.82003
0.0012959467,1.02494,1.77584
0.0013339867,1.023352,1.82491
0.0013720467,1.022601,1.78428
0.0014100067,1.022992,1.79121
0.0014478467,1.024843,1.82814
0.0014856867,1.024542,1.79635
0.0015235467,1.02443,1.84351
0.0015614267,1.024903,1.80308
0.0015993067,1.025977,1.81521
0.0016371867,1.021452,1.80044
0.0016750867,1.023262,1.81706
0.0017130067,1.02357,1.80895
0.0017509267,1.020333,1.80519
0.0017888667,1.02268,1.80532
0.0018268067,1.02114,1.79846
0.0018647467,1.023055,1.82603
0.0019027067,1.026127,1.82082
0.0019406867,1.023382,1.80116
0.0019786667,1.023269,1.83658
0.0020166667,1.023175,1.78046
0.0020546667,1.026044,1.82365
0.0020926867,1.025222,1.79338
0.0021307267,1.022868,1.77703
0.0021687667,1.022012,1.8131
0.0022068067,1.023085,1.80413
0.0022448667,1.02506,1.81264
0.0022829267,1.023007,1.80235
0.0023207667,1.024737,1.79912
0.0023586067,1.020048,1.80703
0.0023964667,1.025098,1.81653
0.0024343467,1.02372,1.83144
0.0024722067,1.022222,1.79378
0.0025101067,1.023945,1.79266
0.0025479867,1.023262,1.80334
0.0025859067,1.022274,1.79523
0.0026238267,1.023724,1.85076
0.0026617467,1.026198,1.79602
0.0026996867,1.020404,1.816
0.0027376267,1.022331,1.78151
0.0027755867,1.02319,1.81066
0.0028135667,1.021351,1.82141
0.0028515467,1.024644,1.8135
0.0028895267,1.026284,1.80703
0.0029275267,1.024182,1.78461
0.0029655467,1.022316,1.81159
0.0030035667,1.024602,1.7821
0.0030416067,1.022244,1.80459
0.0030796467,1.022609,1.82656
0.0031177067,1.023382,1.79464
0.0031557667,1.024944,1.80624
0.0031936867,1.026427,1.80934
0.0032315267,1.025053,1.80657
0.0032693867,1.02565,1.84674
0.0033072467,1.026919,1.80783
0.0033451267,1.024681,1.81561
0.0033830067,1.023502,1.79206
0.0034209067,1.028612,1.8199
0.0034588067,1.024546,1.78362
0.0034967267,1.022578,1.79938
0.0035346467,1.022271,1.80875
0.0035725867,1.02197,1.81745
0.0036105267,1.023446,1.81561
0.0036484867,1.023709,1.79318
0.0036864467,1.022267,1.81343
0.0037244267,1.022676,1.84931
0.0037624267,1.023134,1.81937
0.0038004267,1.023596,1.81594
0.0038384267,1.024163,1.77525
0.0038764467,1.023844,1.82788
0.0039144867,1.027088,1.79668
0.0039525267,1.026502,1.79879
0.0039905867,1.028579,1.84047
0.0040286467,1.026082,1.81871
0.0040665667,1.024809,1.8168
0.0041044067,1.026333,1.79398
0.0041422667,1.025849,1.8131
0.0041801267,1.025154,1.79094
0.0042179867,1.02458,1.7947
0.0042558667,1.023513,1.83229
0.0042937667,1.025597,1.77755
0.0043316667,1.02408,1.82794
0.0043695667,1.023619,1.78435
0.0044074867,1.020487,1.7945
0.0044454267,1.023123,1.84555
0.0044833667,1.025057,1.77729
0.0045213267,1.023487,1.82596
0.0045592867,1.022473,1.7918
0.0045972667,1.022988,1.79793
0.0046352467,1.024861,1.78382
0.0046732467,1.02547,1.816
0.0047112467,1.024632,1.8288
0.0047492667,1.023818,1.80835
0.0047872867,1.023686,1.83566
0.0048253267,1.023848,1.78032
0.0048633867,1.024505,1.79312
0.0049014467,1.02372,1.81422
0.0049394067,1.025087,1.80888
0.0049772467,1.025117,1.81198
0.0050150867,1.024527,1.81567
0.0050529467,1.022162,1.81785
0.0050908267,1.025901,1.81191
0.0051287067,1.022961,1.80974
0.0051665867,1.02301,1.85089
0.0052044867,1.023112,1.80433
0.0052423867,1.026513,1.81211
0.0052803067,1.024752,1.79483
0.0053182467,1.027557,1.8315
0.0053561867,1.024899,1.83051
0.0053941267,1.02378,1.79048
0.0054320867,1.023934,1.81581
0.0054700667,1.022443,1.79952
0.0055080467,1.024099,1.8133
0.0055460267,1.023641,1.77861
0.0055840467,1.022958,1.79127
0.0056220467,1.025045,1.81548
0.0056600667,1.023142,1.81422
0.0056981067,1.022931,1.80499
0.0057361467,1.02241,1.78705
0.0057742067,1.022135,1.79932
0.0058122667,1.024373,1.83091
0.0058501667,1.023055,1.816
0.0058880067,1.023483,1.79312
0.0059258467,1.023427,1.7889
0.0059637267,1.023074,1.84845
0.0060015867,1.023513,1.79569
0.0060394667,1.022023,1.79206
0.0060773667,1.024809,1.8377
0.0061152667,1.029003,1.78936
0.0061531867,1.025365,1.83084
0.0061911067,1.026716,1.78573
0.0062290467,1.023589,1.80638
0.0062669867,1.024107,1.81165
0.0063049467,1.023874,1.81943
0.0063429067,1.023108,1.80941
0.0063808867,1.022004,1.79965
0.0064188667,1.023859,1.81337
0.0064568667,1.023254,1.7945
0.0064948667,1.024752,1.80262
0.0065328867,1.023389,1.83282
0.0065709067,1.023314,1.80591
0.0066089467,1.022008,1.81251
0.0066470067,1.024704,1.79424
0.0066850667,1.022042,1.83269
0.0067230467,1.026284,1.84482
0.0067608867,1.02384,1.81482
0.0067987267,1.023919,1.8075
0.0068365867,1.023536,1.80367
0.0068744667,1.024602,1.83566
0.0069123467,1.025834,1.80413
0.0069502267,1.021324,1.79642
0.0069881267,1.021148,1.8441
0.0070260467,1.024298,1.81356
0.0070639667,1.021366,1.79088
0.0071018867,1.026191,1.82379
0.0071398267,1.022368,1.81726
0.0071777867,1.023363,1.7889
0.0072157467,1.022128,1.79813
0.0072537267,1.023007,1.81818
0.0072917067,1.023619,1.77788
0.0073296867,1.025222,1.82339
0.0073677067,1.02345,1.78745
0.0074057267,1.026776,1.79497
0.0074437467,1.022845,1.84225
0.0074817867,1.023018,1.77643
0.0075198267,1.023296,1.82722
0.0075578867,1.023893,1.80479
0.0075959267,1.023716,1.81403
0.0076337667,1.023145,1.78923
0.0076716067,1.022635,1.7978
0.0077094667,1.024028,1.82445
0.0077473267,1.021681,1.79958
0.0077852067,1.022049,1.81963
0.0078230867,1.022421,1.78534
0.0078609867,1.023528,1.82873
0.0078988867,1.022105,1.8315
0.0079368067,1.022282,1.8007
0.0079747467,1.021125,1.84403
0.0080126667,1.023848,1.77617
0.0080506267,1.023468,1.80572
0.0080885867,1.025203,1.81152
0.0081265467,1.024798,1.81574
0.0081645267,1.021741,1.84159
0.0082025067,1.023975,1.78962
0.0082405067,1.022064,1.81185
0.0082785267,1.02348,1.80374
0.0083165467,1.023528,1.79582
0.0083545867,1.02351,1.81066
0.0083926267,1.022451,1.79721
0.0084306667,1.025192,1.80598
0.0084687467,1.023589,1.79675
0.0085065867,1.022113,1.80453
0.0085444267,1.021411,1.82009
0.0085822867,1.022244,1.82003
0.0086201467,1.024692,1.8441
0.0086580067,1.022834,1.80413
0.0086958867,1.024208,1.81785
0.0087337867,1.022263,1.79299
0.0087716867,1.023359,1.79173
0.0088096067,1.024655,1.8439
0.0088475267,1.024858,1.80163
0.0088854667,1.023953,1.82616
0.0089234067,1.021741,1.78468
0.0089613667,1.023543,1.84337
0.0089993267,1.022237,1.7486
0.0090373067,1.021572,1.79127
0.0090752867,1.023348,1.83467
0.0091132867,1.022747,1.79299
0.0091513067,1.021069,1.80684
0.0091893067,1.022331,1.79233
0.0092273467,1.020438,1.8098
0.0092653867,1.021899,1.81389
0.0093034267,1.022586,1.79971
0.0093414867,1.022304,1.83388
0.0093794267,1.022845,1.79938
0.0094172667,1.022898,1.82062
0.0094551067,1.023055,1.75836
0.0094929667,1.022871,1.81798
0.0095308467,1.022319,1.81778
0.0095687267,1.024238,1.81093
0.0096066067,1.024418,1.83902
0.0096445067,1.024381,1.78178
0.0096824267,1.02253,1.8075
0.0097203467,1.023389,1.82003
0.0097582667,1.024959,1.81897
0.0097962267,1.021189,1.80591
0.0098341667,1.022515,1.81224
0.0098721267,1.022282,1.81858
0.0099101067,1.022988,1.77716
0.0099480867,1.022916,1.80143
0.0099860867,1.024595,1.84825
0.0100240867,1.021332,1.79246
0.0100621067,1.023333,1.84634
0.0101001267,1.021587,1.78487
0.0101381667,1.0228,1.82537
0.0101762067,1.022593,1.79892
0.0102142667,1.023761,1.7978
0.0102522867,1.021745,1.82906
0.0102901267,1.022252,1.79081
0.0103279867,1.022684,1.84905
0.0103658267,1.025083,1.78725
0.0104037067,1.022541,1.81877
0.0104415867,1.025109,1.85003
0.0104794667,1.023502,1.79813
0.0105173667,1.021137,1.79279
0.0105552667,1.025075,1.77624
0.0105931867,1.023581,1.83579
0.0106311267,1.023401,1.80044
0.0106690667,1.024719,1.82181
0.0107070067,1.023341,1.82029
0.0107449667,1.021381,1.80064
0.0107829467,1.024005,1.79002
0.0108209267,1.023311,1.79635
0.0108589067,1.022563,1.82458
0.0108969067,1.023435,1.82095
0.0109349267,1.023033,1.81396
0.0109729467,1.022244,1.80532
0.0110109867,1.02316,1.79589
0.0110490267,1.023093,1.82847
0.0110870867,1.023589,1.83797
0.0111251267,1.023483,1.80934
0.0111629667,1.024861,1.79041
0.0112008067,1.020442,1.80011
0.0112386667,1.023476,1.81073
0.0112765267,1.022169,1.8044
0.0113143867,1.021561,1.81772
0.0113522667,1.025042,1.835
0.0113901667,1.023851,1.80143
0.0114280667,1.023119,1.81191
0.0114659867,1.022984,1.80136
0.0115039067,1.023194,1.81093
0.0115418467,1.02372,1.76337
0.0115797867,1.024467,1.80578
0.0116177467,1.022935,1.84041
0.0116557067,1.024324,1.79365
0.0116936867,1.024696,1.8222
0.0117316867,1.021321,1.79727
0.0117696867,1.02117,1.81811
0.0118076867,1.024336,1.84192
0.0118457067,1.022575,1.80018
0.0118837467,1.022665,1.83566
0.0119217867,1.021651,1.78237
0.0119598267,1.022612,1.80717
0.0119978867,1.023284,1.77868
0.0120358067,1.024876,1.79668
0.0120736467,1.024309,1.8408
0.0121115067,1.021955,1.79767
0.0121493667,1.022447,1.83071
0.0121872267,1.023089,1.78699
0.0122251067,1.022286,1.80657
0.0122630067,1.022725,1.81376
0.0123009067,1.01968,1.83315
0.0123388067,1.021234,1.81218
0.0123767267,1.023044,1.79978
0.0124146667,1.022571,1.83203
0.0124526067,1.022856,1.79002
0.0124905667,1.02292,1.8038
0.0125285267,1.025124,1.82959
0.0125664867,1.026055,1.80393
0.0126044667,1.02399,1.82669
0.0126424667,1.02256,1.804
0.0126804667,1.023878,1.80611
0.0127184867,1.022398,1.79094
0.0127565067,1.022563,1.80011
0.0127945467,1.023769,1.82524
0.0128326067,1.022567,1.79813
0.0128706467,1.025214,1.84331
0.0129086867,1.02307,1.78019
0.0129465267,1.023682,1.80809
0.0129843667,1.02307,1.81205
0.0130222267,1.022965,1.80123
0.0130600867,1.023352,1.8131
0.0130979667,1.022747,1.79332
0.0131358467,1.020228,1.82022
0.0131737467,1.023236,1.78666
0.0132116467,1.023382,1.81376
0.0132495667,1.024351,1.82596
0.0132874867,1.021809,1.79338
0.0133254267,1.023589,1.79985
0.0133633667,1.021351,1.792
0.0134013267,1.024216,1.80229
0.0134392867,1.020896,1.8406
0.0134772667,1.022954,1.8011
0.0135152667,1.023089,1.84858
0.0135532667,1.023273,1.76535
0.0135912667,1.023232,1.80703
0.0136292867,1.023089,1.78171
0.0136673267,1.023521,1.80519
0.0137053667,1.024591,1.82926
0.0137434267,1.022222,1.79668
0.0137814867,1.02149,1.81554
0.0138193667,1.020386,1.78375
0.0138572067,1.022515,1.82511
0.0138950467,1.01953,1.85162
0.0139329267,1.025068,1.79635
0.0139707867,1.023341,1.847
0.0140086667,1.022969,1.7914
0.0140465667,1.022691,1.81007
0.0140844467,1.024497,1.78085
0.0141223667,1.023284,1.80895
0.0141602867,1.024471,1.84601
0.0141982267,1.023119,1.79859
0.0142361667,1.020367,1.81046
0.0142741267,1.022601,1.80756
0.0143120867,1.021309,1.81838
0.0143500467,1.023074,1.83269
0.0143880267,1.021144,1.7978
0.0144260267,1.021065,1.80605
0.0144640467,1.022965,1.79516
0.0145020467,1.021655,1.81633
0.0145400867,1.022244,1.78375
0.0145781267,1.023506,1.79305
0.0146161667,1.023029,1.81159
0.0146542267,1.023356,1.78962
0.0146922667,1.022432,1.80789
0.0147300867,1.020814,1.75216
0.0147679467,1.023446,1.80901
0.0148057867,1.023217,1.82207
0.0148436667,1.019428,1.79879
0.0148815467,1.021324,1.8379
0.0149194267,1.022883,1.8038
0.0149573267,1.02556,1.81581
0.0149952267,1.022811,1.80433
0.0150331467,1.021659,1.81251
0.0150710667,1.020288,1.79173
0.0151090067,1.021719,1.81792
0.0151469667,1.021944,1.83289
0.0151849067,1.020281,1.77729
0.0152228867,1.020746,1.8197
0.0152608667,1.023089,1.77432
0.0152988667,1.020769,1.78026
0.0153368467,1.022023,1.81079
0.0153748667,1.022237,1.79569
0.0154128867,1.0206,1.81693
0.0154509267,1.020555,1.77591
0.0154889667,1.020806,1.79853
0.0155270267,1.024204,1.83407
0.0155650867,1.022218,1.79562
0.0156029667,1.023359,1.85505
0.0156408067,1.022364,1.78276
0.0156786667,1.022556,1.81396
0.0157165267,1.02176,1.81943
0.0157544067,1.024073,1.82194
0.0157922867,1.024388,1.8195
0.0158301867,1.014326,1.78026
0.0158680867,1.021129,1.81145
0.0159060067,1.023175,1.79536
0.0159439267,1.023123,1.81844
0.0159818667,1.024268,1.8375
0.0160198067,1.022961,1.81983
0.0160577667,1.020712,1.79081
0.0160957267,1.021276,1.78764
0.0161337067,1.02209,1.7914
0.0161716867,1.020292,1.78158
0.0162096867,1.021415,1.80301
0.0162477067,1.019177,1.81416
0.0162857267,1.019496,1.79477
0.0163237467,1.02191,1.83427
0.0163617867,1.022695,1.7796
0.0163998467,1.02348,1.835
0.0164379067,1.025323,1.8282
0.0164757867,1.022218,1.78916
0.0165136267,1.023329,1.81449
0.0165514867,1.023904,1.78501
0.0165893467,1.021978,1.79074
0.0166272267,1.022624,1.76562
0.0166651067,1.022398,1.8226
0.0167029867,1.024505,1.82689
0.0167408867,1.021324,1.80275
0.0167788067,1.021298,1.8162
0.0168167267,1.021523,1.78375
0.0168546667,1.021291,1.81963
0.0168926067,1.020356,1.84924
0.0169305667,1.020153,1.80031
0.0169685267,1.019545,1.82873
0.0170065067,1.022094,1.79833
0.0170444867,1.022575,1.84733
0.0170824867,1.02206,1.79213
0.0171204867,1.022289,1.79675
0.0171585067,1.022177,1.84575
0.0171965267,1.021189,1.78916
0.0172345667,1.022984,1.83381
0.0172726267,1.01959,1.79338
0.0173106867,1.021617,1.80598
0.0173486867,1.022357,1.79292
0.0173865267,1.02209,1.79259
0.0174243667,1.021122,1.82979
0.0174622267,1.024354,1.81159
0.0175000867,1.022143,1.80196
0.0175379667,1.020431,1.79991
0.0175758467,1.022466,1.78989
0.0176137467,1.020382,1.83816
0.0176516467,1.02221,1.79398
0.0176895667,1.0228,1.8131
0.0177274867,1.021565,1.79035
0.0177654267,1.022879,1.80855
0.0178033867,1.021651,1.81884
0.0178413467,1.020374,1.79859
0.0178793067,1.024865,1.81785
0.0179172867,1.023048,1.80809
0.0179552867,1.020626,1.83144
0.0179932867,1.023292,1.78976
0.0180313067,1.021561,1.79279
0.0180693267,1.019725,1.84555
0.0181073467,1.022297,1.78197
0.0181453867,1.019744,1.80545
0.0181834467,1.02105,1.80433
0.0182215067,1.020772,1.83144
0.0182593867,1.021764,1.78797
0.0182972467,1.022274,1.79035
0.0183350867,1.022556,1.82069
0.0183729467,1.020495,1.80163
0.0184108267,1.020356,1.80835
0.0184487067,1.021745,1.78171
0.0184865867,1.020919,1.79239
0.0185244867,1.022582,1.85195
0.0185624067,1.022237,1.80954
0.0186003267,1.020547,1.79107
0.0186382667,1.022879,1.8073
0.0186762067,1.026172,1.83651
0.0187141667,1.021005,1.79041
0.0187521267,1.020953,1.8129
0.0187901067,1.021816,1.8286
0.0188280867,1.019811,1.78969
0.0188660867,1.019639,1.81007
0.0189040867,1.021677,1.78105
0.0189421067,1.023551,1.81607
0.0189801467,1.020528,1.83038
0.0190181867,1.023589,1.81633
0.0190562267,1.021272,1.83572
0.0190942867,1.020859,1.78764
0.0191322267,1.024437,1.84654
0.0191700667,1.022781,1.79411
0.0192079067,1.023465,1.79351
0.0192457667,1.020607,1.79266
0.0192836467,1.020648,1.79101
0.0193215067,1.022736,1.83968
0.0193594067,1.021523,1.80077
0.0193972867,1.021745,1.81508
0.0194352067,1.021726,1.82392
0.0194731267,1.022049,1.81264
0.0195110467,1.02292,1.81145
0.0195489867,1.024384,1.80473
0.0195869467,1.021805,1.82332
0.0196248867,1.020611,1.79503
0.0196628667,1.021362,1.79312
0.0197008467,1.020633,1.81772
0.0197388267,1.023029,1.80367
0.0197768467,1.020551,1.84146
0.0198148467,1.021936,1.78415
0.0198528667,1.019409,1.81864
0.0198909067,1.021659,1.81706
0.0199289467,1.022845,1.81462
0.0199670067,1.02259,1.86804
0.0200050667,1.022349,1.81343
0.0200428867,1.021482,1.80202
0.0200807267,1.021565,1.78197
0.0201185867,1.022413,1.81488
0.0201564467,1.021088,1.83955
0.0201943067,1.023487,1.82148
0.0202321867,1.021666,1.80875
0.0202700867,1.024677,1.79035
0.0203079867,1.022038,1.83058
0.0203459067,1.022864,1.76641
0.0203838267,1.023495,1.80004
0.0204217667,1.021798,1.83645
0.0204597067,1.020112,1.7953
0.0204976667,1.02075,1.8257
0.0205356467,1.020487,1.77558
0.0205736067,1.022364,1.82728
0.0206116067,1.020908,1.82095
0.0206496067,1.022575,1.80789
0.0206876067,1.021873,1.82128
0.0207256267,1.022931,1.78118
0.0207636667,1.024272,1.81455
0.0208017067,1.020746,1.77894
0.0208397467,1.022522,1.80341
0.0208778067,1.025331,1.83091
0.0209157467,1.02114,1.79041
0.0209535867,1.024197,1.79833
0.0209914267,1.022515,1.76997
0.0210292867,1.02158,1.78923
0.0210671667,1.022856,1.81093
0.0211050467,1.020776,1.78593
0.0211429467,1.023528,1.84819
0.0211808467,1.022319,1.80156
0.0212187467,1.022267,1.8199
0.0212566667,1.022999,1.78672
0.0212946067,1.023386,1.80928
0.0213325467,1.022883,1.81488
0.0213705067,1.023067,1.80941
0.0214084667,1.023014,1.82682
0.0214464467,1.023615,1.80077
0.0214844267,1.022109,1.79332
0.0215224267,1.020908,1.84034
0.0215604267,1.024343,1.81139
0.0215984467,1.023055,1.82379
0.0216364667,1.023412,1.80275
0.0216745067,1.019451,1.81376
0.0217125667,1.020829,1.80459
0.0217506267,1.022575,1.79952
0.0217885867,1.021024,1.84628
0.0218264267,1.021771,1.81996
0.0218642667,1.023108,1.82069
0.0219021267,1.023645,1.80143
0.0219400067,1.022124,1.81126
0.0219778667,1.021043,1.79417
0.0220157667,1.019541,1.8038
0.0220536667,1.022935,1.82161
0.0220915667,1.021204,1.78006
0.0221294867,1.020555,1.8284
0.0221674067,1.022447,1.80275
0.0222053467,1.022158,1.80928
0.0222433067,1.021557,1.80842
0.0222812667,1.020795,1.80426
0.0223192267,1.021351,1.81614
0.0223572067,1.023329,1.78567
0.0223952067,1.023168,1.81726
0.0224332067,1.02354,1.78408
0.0224712267,1.023108,1.78725
0.0225092467,1.022451,1.8191
0.0225472667,1.021129,1.8011
0.0225853267,1.020243,1.83005
0.0226233667,1.020468,1.78797
0.0226614267,1.020863,1.80829
0.0226992467,1.022222,1.8011
0.0227370867,1.021861,1.78131
0.0227749467,1.02182,1.82121
0.0228128067,1.021219,1.79431
0.0228506867,1.020551,1.82042
0.0228885667,1.02114,1.79371
0.0229264467,1.024201,1.79595
0.0229643667,1.02111,1.82194
0.0230022667,1.022395,1.79206
0.0230402067,1.023371,1.81277
0.0230781267,1.023292,1.80235
0.0231160867,1.021339,1.80512
0.0231540267,1.022755,1.81772
0.0231920067,1.019804,1.7852
0.0232299867,1.023483,1.82438
0.0232679667,1.022766,1.80341
0.0233059667,1.021212,1.8317
0.0233439667,1.021212,1.7705
0.0233819867,1.022364,1.81126
0.0234200267,1.022747,1.83454
0.0234580667,1.021692,1.79061
0.0234961267,1.022522,1.82511
0.0235341867,1.02173,1.8011
0.0235721667,1.021422,1.79048
0.0236100067,1.022687,1.8503
0.0236478467,1.019747,1.79628
0.0236857067,1.020615,1.8348
0.0237235667,1.020911,1.79793
0.0237614467,1.020434,1.81429
0.0237993467,1.021869,1.80492
0.0238372467,1.019946,1.77854
0.0238751667,1.020491,1.83335
0.0239130867,1.021317,1.79727
0.0239510067,1.020292,1.8195
0.0239889467,1.023438,1.77966
0.0240269067,1.022038,1.80545
0.0240648667,1.023389,1.84575
0.0241028467,1.022883,1.79503
0.0241408267,1.022635,1.81561
0.0241788267,1.021704,1.78982
0.0242168267,1.020986,1.79853
0.0242548467,1.021553,1.81785
0.0242928867,1.021407,1.80684
0.0243309067,1.019789,1.81403
0.0243689667,1.021839,1.78474
0.0244070267,1.023025,1.81152
0.0244450267,1.021704,1.79965
0.0244828667,1.020675,1.80136
0.0245207067,1.020266,1.83157
0.0245585667,1.019646,1.78191
0.0245964467,1.02221,1.83078
0.0246343067,1.01974,1.80143
0.0246722067,1.022053,1.81172
0.0247101067,1.022248,1.77637
0.0247480067,1.020419,1.81574
0.0247859267,1.021572,1.82504
0.0248238467,1.021719,1.79839
0.0248617867,1.021396,1.83005
0.0248997467,1.023232,1.78705
0.0249377067,1.021936,1.78098
0.0249756667,1.022154,1.78197
0.0250136467,1.019916,1.79318
0.0250516467,1.023262,1.84687
0.0250896467,1.020964,1.79035
0.0251276467,1.020855,1.83104
0.0251656667,1.020682,1.77736
0.0252037067,1.022958,1.7976
0.0252417467,1.020596,1.84496
0.0252798067,1.021309,1.79312
0.0253178667,1.021005,1.81792
0.0253557267,1.0201,1.77927
0.0253935667,1.02054,1.79134
0.0254314267,1.022687,1.84984
0.0254692867,1.020033,1.7947
0.0255071667,1.020232,1.80611
0.0255450467,1.019811,1.79292
0.0255829267,1.021065,1.82557
0.0256208467,1.019747,1.80262
0.0256587467,1.021099,1.7947
0.0256966867,1.018903,1.83764
0.0257346067,1.022515,1.79206
0.0257725667,1.022988,1.8352
0.0258105067,1.02345,1.81917
0.0258484867,1.021107,1.80545
0.0258864667,1.02004,1.81198
0.0259244467,1.020078,1.80116
0.0259624467,1.022747,1.81554
0.0260004467,1.020262,1.81132
0.0260384667,1.021752,1.81825
0.0260765067,1.022135,1.76403
0.0261145467,1.020205,1.81818
0.0261525867,1.019582,1.84469
0.0261906667,1.020281,1.79187
0.0262286067,1.020397,1.81046
0.0262664467,1.021215,1.79391
0.0263043067,1.022135,1.81013
0.0263421667,1.020829,1.78461
0.0263800267,1.018888,1.81963
0.0264179067,1.020682,1.81145
0.0264558067,1.022015,1.81284
0.0264936867,1.022045,1.79477
0.0265316067,1.019015,1.78125
0.0265695267,1.021478,1.81587
0.0266074467,1.022068,1.84944
0.0266453867,1.019954,1.79919
0.0266833467,1.022316,1.83559
0.0267213067,1.02075,1.79688
0.0267592867,1.021842,1.81693
0.0267972667,1.019935,1.77676
0.0268352667,1.022346,1.78613
0.0268732667,1.022965,1.841
0.0269112867,1.023266,1.78989
0.0269493067,1.020517,1.81614
0.0269873467,1.022485,1.78494
0.0270253867,1.021835,1.80176
0.0270634467,1.019879,1.84819
0.0271015067,1.021317,1.82029
0.0271393467,1.019571,1.8193
0.0271772067,1.021677,1.79147
0.0272150467,1.023329,1.78929
0.0272529267,1.019417,1.81858
0.0272907867,1.020082,1.80057
0.0273286867,1.019868,1.8135
0.0273665867,1.01977,1.80974
0.0274044867,1.019841,1.83915
0.0274424067,1.021272,1.7761
0.0274803267,1.021186,1.80783
0.0275182667,1.019533,1.82834
0.0275562067,1.021354,1.81304
0.0275941667,1.020521,1.82576
0.0276321467,1.020919,1.79094
0.0276701267,1.020224,1.82972
0.0277081067,1.022462,1.78046
0.0277461067,1.022417,1.78976
0.0277841267,1.021974,1.82471
0.0278221467,1.021058,1.79371
0.0278601667,1.02274,1.83447
0.0278982267,1.021613,1.79074
0.0279362667,1.023761,1.79272
0.0279743267,1.024362,1.83111
0.0280122267,1.021253,1.80189
0.0280500667,1.02206,1.79985
0.0280879267,1.019924,1.80004
0.0281257867,1.020127,1.80657
0.0281636467,1.021959,1.79635
0.0282015267,1.019616,1.80928
0.0282394267,1.020889,1.83038
0.0282773267,1.0236,1.79437
0.0283152467,1.019515,1.81957
0.0283531667,1.02256,1.77947
0.0283911067,1.023359,1.83216
0.0284290467,1.020821,1.8439
0.0284670067,1.022654,1.78613
0.0285049667,1.022466,1.82247
0.0285429467,1.022447,1.7978
0.0285809267,1.018895,1.80723
0.0286189267,1.019466,1.80341
0.0286569267,1.02048,1.82069
0.0286949467,1.021801,1.83572
0.0287329667,1.021933,1.8075
0.0287710067,1.023033,1.83539
0.0288090467,1.022105,1.79905
0.0288471267,1.019901,1.8505
0.0288851667,1.022702,1.85175
0.0289230067,1.022113,1.81838
0.0289608667,1.021741,1.82445
0.0289987067,1.022781,1.80051
0.0290365867,1.020615,1.81488
0.0290744667,1.022342,1.78079
0.0291123467,1.020434,1.81033
0.0291502467,1.021099,1.83546
0.0291881667,1.018918,1.81706
0.0292260667,1.022342,1.81343
0.0292640067,1.02149,1.81396
0.0293019467,1.020044,1.8131
0.0293398867,1.021617,1.79971
0.0293778667,1.019635,1.81468
0.0294158267,1.019203,1.8228
0.0294538067,1.021426,1.80921
0.0294918067,1.020765,1.79938
0.0295298067,1.022552,1.78652
0.0295678267,1.01983,1.80268
0.0296058467,1.022838,1.82471
0.0296438867,1.020416,1.78375
0.0296819267,1.02066,1.83731
0.0297199867,1.024966,1.80974
0.0297579867,1.021189,1.82009
0.0297958267,1.021523,1.77696
0.0298336667,1.020311,1.79833
0.0298715267,1.022286,1.81442
0.0299093867,1.017633,1.78956
0.0299472667,1.020941,1.816
0.0299851467,1.020359,1.78705
0.0300230467,1.023419,1.81
0.0300609467,1.021846,1.83078
0.0300988667,1.021016,1.79167
0.0301367867,1.020468,1.84436
0.0301747267,1.02218,1.77716
0.0302126667,1.022605,1.81416
0.0302506267,1.019969,1.82332
0.0302885867,1.022158,1.81422
0.0303265667,1.019635,1.82748
0.0303645667,1.020217,1.81053
0.0304025667,1.020543,1.82557
0.0304405667,1.021775,1.79035
0.0304785867,1.018869,1.82029
0.0305166267,1.01971,1.82609
0.0305546667,1.019616,1.80354
0.0305927267,1.019019,1.81825
0.0306307867,1.020232,1.79279
0.0306687467,1.019451,1.81811
0.0307065867,1.021058,1.78243
0.0307444267,1.017855,1.82016
0.0307822867,1.020341,1.85096
0.0308201667,1.018722,1.80222
0.0308580467,1.01959,1.82972
0.0308959267,1.019721,1.79068
0.0309338267,1.018568,1.81389
0.0309717467,1.02051,1.8259
0.0310096667,1.021328,1.79312
0.0310476067,1.019563,1.81139
0.0310855467,1.020833,1.81996
0.0311234867,1.020359,1.8501
0.0311614467,1.022064,1.80215
0.0311994267,1.022177,1.80585
0.0312374067,1.021317,1.83592
0.0312754067,1.021666,1.79879
0.0313134067,1.021745,1.83612
0.0313514267,1.020968,1.80486
0.0313894467,1.022135,1.81858
0.0314274867,1.019485,1.82675
0.0314655267,1.02078,1.80044
0.03150358671,1.021854,1.81904
0.03154164671,1.020322,1.786
0.03157948671,1.020472,1.79022
0.03161732671,1.022616,1.78309
0.03165516671,1.018437,1.792
0.03169304671,1.020006,1.83078
0.03173092671,1.019271,1.81745
0.03176880671,1.016856,1.81778
0.03180670671,1.019027,1.80268
0.03184460671,1.019394,1.80064
0.03188252671,1.019011,1.82649
0.03192044671,1.019834,1.81515
0.03195838671,1.020476,1.83071
0.03199632671,1.021632,1.79233
0.03203428671,1.021839,1.8191
0.03207224671,1.019451,1.79444
0.03211022671,1.020299,1.80974
0.03214822671,1.019545,1.82497
0.03218622671,1.018069,1.79028
0.03222422671,1.020487,1.80776
0.03226224671,1.019747,1.80242
0.03230028671,1.020483,1.81686
0.03233832671,1.021925,1.7765
0.03237636671,1.021831,1.81541
0.03241444671,1.019102,1.84938
0.03245232671,1.019909,1.78356
0.03249016671,1.022398,1.79688
0.03252800671,1.019571,1.79774
0.03256586671,1.021152,1.81277
0.03260374671,1.019725,1.83942
0.03264162671,1.021681,1.80281
0.03267950671,1.019188,1.81607
0.03271742671,1.018809,1.79272
0.03275532671,1.021516,1.81541
0.03279324671,1.022244,1.78844
0.03283118671,1.020149,1.7947
0.03286912671,1.019267,1.83724
0.03290708671,1.019387,1.77432
0.03294504671,1.019714,1.81099
0.03298300671,1.018553,1.80334
0.03302100671,1.020806,1.80888
0.03305898671,1.016327,1.8437
0.03309700671,1.020446,1.79213
0.03313502671,1.020716,1.82102
0.03317304671,1.017558,1.78962
0.03321108671,1.019443,1.83262
0.03324912671,1.02001,1.79048
0.03328720671,1.018388,1.79556
0.03332516671,1.020149,1.84469
0.03336300671,1.0198,1.80341
0.03340084671,1.020934,1.82623
0.03343870671,1.020889,1.81877
0.03347658671,1.020855,1.81343
0.03351444671,1.021298,1.79721
0.03355234671,1.021929,1.79074
0.03359024671,1.021204,1.8257
0.03362814671,1.022083,1.78507
0.03366606671,1.019988,1.83309
0.03370400671,1.019548,1.77874
0.03374194671,1.019128,1.80657
0.03377988671,1.020134,1.83566
0.03381784671,1.019075,1.79127
0.03385582671,1.020889,1.81904
0.03389380671,1.018249,1.79411
0.03393180671,1.019522,1.79516
0.03396980671,1.019154,1.79938
0.03400782671,1.020025,1.80512
0.03404584671,1.017633,1.80994
0.03408388671,1.020926,1.80519
0.03412192671,1.018831,1.81416
0.03415998671,1.020956,1.80209
0.03419804671,1.022173,1.8284
0.03423588671,1.020769,1.83856
0.03427374671,1.020025,1.8007
0.03431158671,1.01968,1.81521
0.03434944671,1.021065,1.78389
0.03438732671,1.021756,1.79681
0.03442520671,1.019256,1.7612
0.03446310671,1.020224,1.78052
0.03450100671,1.019075,1.81772
0.03453892671,1.018985,1.78105
0.03457684671,1.021088,1.81897
0.03461478671,1.020799,1.79932
0.03465272671,1.019841,1.81271
0.03469068671,1.019624,1.84133
0.03472864671,1.021039,1.81548
0.03476662671,1.018587,1.80605
0.03480462671,1.020434,1.79417
0.03484262671,1.021358,1.81066
0.03488062671,1.020018,1.79292
0.03491864671,1.020585,1.81462
0.03495668671,1.020228,1.85215
0.03499472671,1.017513,1.81957
0.03503276671,1.019364,1.81191
0.03507082671,1.021377,1.78699
0.03510880671,1.021058,1.79747
0.03514664671,1.019601,1.80624
0.03518448671,1.019331,1.8197
0.03522234671,1.017269,1.8284
0.03526020671,1.019278,1.79384
0.03529810671,1.019469,1.83447
0.03533598671,1.019654,1.79767
0.03537388671,1.019286,1.80572
0.03541178671,1.020983,1.82689
0.03544970671,1.019342,1.76964
0.03548764671,1.020603,1.83777
0.03552558671,1.020908,1.79068
0.03556352671,1.019447,1.80314
0.03560148671,1.019973,1.79569
0.03563946671,1.019556,1.80143
0.03567744671,1.019961,1.83678
0.03571544671,1.02084,1.81244
0.03575344671,1.020363,1.82972
0.03579146671,1.019518,1.798
0.03582948671,1.020221,1.81785
0.03586752671,1.020818,1.81732
0.03590556671,1.020739,1.80638
0.03594362671,1.01965,1.84265
0.03598168671,1.019969,1.79767
0.03601950671,1.01906,1.80532
0.03605734671,1.023513,1.82511
0.03609520671,1.020281,1.8044
0.03613306671,1.020671,1.81284
0.03617094671,1.020348,1.82009
0.03620882671,1.022766,1.82933
0.03624672671,1.019552,1.79892
0.03628462671,1.020791,1.80882
0.0363225467,1.019473,1.81924
0.0363604667,1.019511,1.77558
0.03639840671,1.019657,1.79167
0.03643634671,1.01918,1.76146
0.03647430671,1.018058,1.79134
0.03651226671,1.018899,1.78863
0.03655024671,1.018039,1.79477
0.03658824671,1.019203,1.82497
0.03662622671,1.020363,1.8069
0.03666424671,1.019233,1.81759
0.03670226671,1.021561,1.80051
0.03674028671,1.018993,1.79595
0.03677832671,1.020044,1.84634
0.03681638671,1.020164,1.80387
0.03685444671,1.020487,1.81864
0.03689230671,1.019582,1.79061
0.03693014671,1.01989,1.80802
0.03696798671,1.020547,1.82919
0.03700584671,1.021013,1.81046
0.03704372671,1.022515,1.81567
0.03708160671,1.019597,1.7951
0.03711950671,1.02105,1.83968
0.03715740671,1.022278,1.79239
0.03719530671,1.020149,1.80486
0.03723322671,1.021088,1.84423
0.03727116671,1.022008,1.81191
0.03730910671,1.021058,1.83262
0.03734706671,1.020359,1.82042
0.03738502671,1.019841,1.81521
0.03742300671,1.022042,1.79965
0.03746098671,1.020175,1.79516
0.03749898671,1.022402,1.81798
0.03753698671,1.02075,1.79318
0.03757500671,1.019984,1.81218
0.03761304671,1.020998,1.78745
0.03765108671,1.020941,1.80934
0.03768912671,1.021696,1.84502
0.03772718671,1.020266,1.8164
0.03776514671,1.020104,1.8106
0.03780298671,1.020416,1.81462
0.03784082671,1.02176,1.8346
0.03787868671,1.021707,1.80202
0.03791656671,1.020581,1.81337
0.03795444671,1.018974,1.8259
0.03799232671,1.018606,1.81561
0.03803022671,1.021591,1.82623
0.03806812671,1.020956,1.79675
0.03810604671,1.020138,1.80077
0.03814398671,1.021332,1.82761
0.03818192671,1.021523,1.81581
0.03821988671,1.020232,1.81159
0.03825784671,1.019995,1.80189
0.03829580671,1.020521,1.83836
0.03833380671,1.020716,1.7951
0.03837178671,1.017757,1.80829
0.03840980671,1.020588,1.84634
0.03844780671,1.017645,1.76931
0.03848584671,1.018617,1.80862
0.03852386671,1.020258,1.79774
0.03856192671,1.020633,1.82952
0.03859998671,1.019578,1.84021
0.03863794671,1.021283,1.83309
0.03867578671,1.020423,1.82042
0.03871362671,1.019646,1.80578
0.03875148671,1.019931,1.80578
0.03878934671,1.020078,1.78428
0.03882722671,1.021167,1.792
0.03886510671,1.021674,1.80736
0.03890300671,1.011754,1.80136
0.03894092671,1.017637,1.81218
0.03897882671,1.017817,1.80657
0.03901676671,1.019406,1.82576
0.03905470671,1.020983,1.84555
0.03909264671,1.021294,1.81271
0.03913060671,1.022515,1.83177
0.03916856671,1.018411,1.80011
0.03920654671,1.020547,1.81858
0.03924454671,1.019304,1.74319
0.03928254671,1.01983,1.79332
0.03932056671,1.019654,1.84641
0.03935858671,1.020337,1.80341
0.03939660671,1.021842,1.83032
0.03943464671,1.019462,1.78725
0.03947270671,1.019391,1.7951
0.03951076671,1.018013,1.84087
0.03954866671,1.016875,1.80776
0.03958652671,1.018572,1.8162
0.03962436671,1.019976,1.79978
0.03966222671,1.01683,1.82596
0.03970010671,1.018959,1.80486
0.03973798671,1.01817,1.82036
0.03977588671,1.020003,1.82524
0.03981378671,1.021835,1.79859
0.03985170671,1.019563,1.83592
0.03988962671,1.021655,1.82003
0.03992756671,1.018456,1.8104
0.03996550671,1.020273,1.77564
0.04000346671,1.018595,1.79886
0.04004142671,1.020622,1.83658
0.04007940671,1.019522,1.78916
0.04011738671,1.01855,1.81798
0.04015538671,1.017919,1.80196
0.04019338671,1.019556,1.79094
0.04023140671,1.020224,1.84476
0.04026944671,1.019473,1.80182
0.04030748671,1.018516,1.82108
0.04034552671,1.020956,1.80664
0.04038358671,1.022582,1.81027
0.04042158671,1.029044,1.83078
0.04045940671,1.020581,1.78916
0.04049726671,1.020438,1.79246
0.04053512671,1.020412,1.79318
0.04057298671,1.021249,1.81191
0.04061086671,1.018625,1.80011
0.04064876671,1.01974,1.78936
0.04068666671,1.022222,1.81007
0.04072456671,1.020108,1.81785
0.04076248671,1.018681,1.8038
0.04080042671,1.018771,1.79793
0.04083836671,1.018373,1.80387
0.04087630671,1.020851,1.7945
0.04091428671,1.019,1.81343
0.04095224671,1.018411,1.83836
0.04099022671,1.018685,1.80037
0.04102822671,1.018989,1.81825
0.04106622671,1.016931,1.75605
0.04110424671,1.021095,1.80433
0.04114226671,1.021508,1.82715
0.04118030671,1.021028,1.79595
0.04121834671,1.020697,1.80849
0.04125640671,1.021024,1.79041
0.04129442671,1.021752,1.85083
0.04133226671,1.01891,1.79503
0.04137010671,1.019466,1.80018
0.04140796671,1.01867,1.83084
0.04144582671,1.01873,1.80024
0.04148370671,1.018212,1.8193
0.04152158671,1.020667,1.7612
0.04155948671,1.019575,1.80961
0.04159738671,1.018189,1.80987
0.04163530671,1.018963,1.80888
0.04167324671,1.020829,1.8102
0.04171116671,1.019252,1.81713
0.04174912671,1.020183,1.80572
0.04178708671,1.017592,1.79444
0.04182504671,1.021054,1.8193
0.04186302671,1.018381,1.80697
0.04190102671,1.01849,1.79958
0.04193902671,1.017607,1.81772
0.04197702671,1.017149,1.76133
0.04201504671,1.018704,1.79444
0.04205308671,1.017848,1.84146
0.04209112671,1.019729,1.80605
0.04212918671,1.018993,1.82379
0.04216724671,1.020408,1.77835
0.04220510671,1.017356,1.80736
0.04224294671,1.017938,1.81053
0.04228080671,1.020712,1.81409
0.04231866671,1.020453,1.83427
0.04235652671,1.017938,1.79378
0.04239440671,1.02078,1.81046
0.04243230671,1.021039,1.78375
0.04247020671,1.018632,1.81719
0.04250812671,1.019297,1.78455
0.04254604671,1.018283,1.80473
0.04258398671,1.019203,1.82992
0.04262192671,1.020066,1.77986
0.04265988671,1.018163,1.82069
0.04269784671,1.019999,1.78573
0.04273582671,1.019905,1.79187
0.04277380671,1.017757,1.82102
0.04281180671,1.019973,1.80229
0.04284980671,1.019368,1.82913
0.04288782671,1.019837,1.82022
0.04292586671,1.019102,1.80895
0.04296390671,1.018872,1.76971
0.04300194671,1.019586,1.80149
0.04304002671,1.017787,1.82761
0.04307796671,1.017904,1.79371
0.04311580671,1.01671,1.80875
0.04315366671,1.017926,1.78857
0.04319152671,1.02019,1.80842
0.04322938671,1.019297,1.82491
0.04326726671,1.022289,1.79846
0.04330516671,1.02066,1.80703
0.04334306671,1.02078,1.79055
0.04338096671,1.019691,1.83091
0.04341888671,1.019702,1.78613
0.04345682671,1.018613,1.81277
0.04349476671,1.016935,1.83315
0.04353272671,1.020885,1.8044
0.04357068671,1.018182,1.80618
0.04360864671,1.021077,1.79668
0.04364662671,1.018264,1.83394
0.04368462671,1.01861,1.82194
0.04372262671,1.020528,1.79154
0.04376064671,1.020652,1.83137
0.04379866671,1.019657,1.78567
0.04383670671,1.019969,1.80796
0.04387474671,1.018749,1.78989
0.04391280671,1.020048,1.7978
0.04395084671,1.019139,1.83553
0.04398868671,1.019263,1.80156
0.04402652671,1.021674,1.78956
0.04406436671,1.019657,1.78593
0.04410224671,1.016368,1.80288
0.04414012671,1.020254,1.81139
0.04417800671,1.019706,1.80987
0.04421590671,1.017855,1.83374
0.04425380671,1.019515,1.80275
0.04429172671,1.020964,1.79853
0.04432964671,1.018872,1.79813
0.04436758671,1.019725,1.81719
0.04440552671,1.020352,1.84502
0.04444348671,1.020938,1.81152
0.04448146671,1.019485,1.82873
0.04451944671,1.022019,1.80064
0.04455742671,1.022364,1.81396
0.04459542671,1.020498,1.79622
0.04463344671,1.019117,1.81126
0.04467146671,1.018936,1.83144
0.04470950671,1.021535,1.79292
0.04474754671,1.021377,1.82082
0.04478560671,1.020746,1.78844
0.04482366671,1.020404,1.81264
0.04486156671,1.020833,1.82445
0.04489940671,1.020697,1.82761
0.04493726671,1.021298,1.80605
0.04497512671,1.019804,1.82075
0.04501298671,1.017675,1.80149
0.04505086671,1.018674,1.8658
0.04508876671,1.017581,1.81119
0.04512666671,1.019075,1.82695
0.04516458671,1.02093,1.798
0.04520250671,1.019905,1.82458
0.04524044671,1.019496,1.81363
0.04527838671,1.020814,1.8193
0.04531632671,1.019349,1.83981
0.04535430671,1.021628,1.79351
0.04539228671,1.020266,1.84885
0.04543026671,1.020889,1.77835
0.04546826671,1.019928,1.80796
0.04550626671,1.022864,1.78639
0.04554428671,1.020633,1.82016
0.04558230671,1.020908,1.83407
0.04562034671,1.021118,1.80169
0.04565840671,1.021238,1.84931
0.04569646671,1.020048,1.80393
0.04573440671,1.021058,1.8319
0.04577222671,1.018384,1.84252
0.04581008671,1.019488,1.804
0.04584794671,1.020378,1.83968
0.04588580671,1.020802,1.82075
0.04592368671,1.020401,1.83493
0.04596156671,1.017592,1.81785
0.04599948671,1.0206,1.81534
0.04603738671,1.020423,1.83968
0.04607530671,1.020637,1.78976
0.04611324671,1.018906,1.82669
0.04615118671,1.017923,1.79543
0.04618912671,1.020671,1.8193
0.04622708671,1.017427,1.81706
0.04626506671,1.020731,1.79886
0.04630304671,1.019511,1.84964
0.04634104671,1.018617,1.79609
0.04637904671,1.019225,1.79595
0.04641706671,1.017956,1.79938
0.04645508671,1.019777,1.79431
0.04649312671,1.018497,1.83447
0.04653116671,1.019248,1.79074
0.04656922671,1.020138,1.79503
0.04660728671,1.020566,1.79233
0.04664512671,1.019702,1.80506
0.04668296671,1.017592,1.8468
0.04672082671,1.018531,1.81884
0.04675868671,1.01698,1.80763
0.04679656671,1.020821,1.80519
0.0468344667,1.020367,1.80947
0.04687234671,1.019128,1.77208
0.04691026671,1.020468,1.79668
0.04694818671,1.016466,1.83553
0.04698610671,1.017498,1.8193
0.04702404671,1.016777,1.86158
0.04706198671,1.017844,1.8038
0.04709994671,1.020224,1.79431
0.04713792671,1.019451,1.84786
0.04717590671,1.020025,1.80229
0.04721388671,1.018336,1.83183
0.04725188671,1.019871,1.79055
0.04728990671,1.020048,1.8166
0.04732792671,1.018114,1.80486
0.04736594671,1.022458,1.816
0.04740398671,1.01977,1.81745
0.04744204671,1.01956,1.81337
0.04748010671,1.020198,1.82649
0.04751800671,1.018899,1.77663
0.04755584671,1.018073,1.81218
0.04759370671,1.018152,1.82379
0.04763156671,1.019845,1.8071
0.04766942671,1.017513,1.84964
0.04770730671,1.017784,1.8042
0.04774520671,1.015809,1.82853
0.04778310671,1.017048,1.77894
0.04782100671,1.020194,1.81363
0.04785892671,1.020025,1.83816
0.04789686671,1.019469,1.79853
0.04793480671,1.019995,1.81963
0.04797276671,1.018046,1.79371
0.04801072671,1.017817,1.81343
0.04804870671,1.018426,1.77749
0.04808668671,1.016222,1.81488
0.04812468671,1.015812,1.81238
0.04816268671,1.017055,1.79477
0.04820070671,1.018888,1.81976
0.04823872671,1.020329,1.80809
0.04827676671,1.020269,1.82016
0.04831480671,1.017904,1.80717
0.04835286671,1.019424,1.80057
0.04839090671,1.016958,1.81633
0.04842872671,1.019526,1.78863
0.04846658671,1.017465,1.81396
0.04850444671,1.021054,1.81093
0.04854230671,1.021381,1.81449
0.04858018671,1.020356,1.84529
0.04861806671,1.021966,1.78534
0.04865596671,1.018666,1.81772
0.04869386671,1.019263,1.79925
0.04873178671,1.015978,1.79358
0.04876972671,1.017795,1.81772
0.04880766671,1.019316,1.79233
0.04884560671,1.019023,1.82616
0.04888356671,1.017645,1.79464
0.04892154671,1.017356,1.80974
0.04895952671,1.020941,1.79615
0.04899750671,1.017187,1.79938
0.04903550671,1.020983,1.83902
0.04907352671,1.017964,1.78685
0.04911154671,1.01989,1.81924
0.04914958671,1.019286,1.78283
0.04918762671,1.019819,1.81739
0.04922568671,1.018681,1.8137
0.04926374671,1.018339,1.80855
0.04930162671,1.019563,1.82326
0.04933946671,1.017671,1.79747
0.04937732671,1.017686,1.8162
0.04941518671,1.01656,1.7978
0.04945304671,1.017739,1.81119
0.04949094671,1.016969,1.8193
0.04952882671,1.018974,1.78989
0.04956674671,1.01751,1.79589
0.04960464671,1.011686,1.78593
0.04964258671,1.016939,1.82649
0.04968050671,1.01799,1.82108
0.04971846671,1.018565,1.81904
0.04975640671,1.016807,1.83553
0.04979438671,1.017626,1.78837
0.04983234671,1.018921,1.81554
0.04987034671,1.019304,1.77894
0.04990834671,1.019053,1.8009
0.04994634671,1.017678,1.82042
0.04998436671,1.021016,1.80235
0.05002238671,1.018981,1.82748
0.05006042671,1.019394,1.8007
0.05009848671,1.018861,1.81772
0.05013654671,1.019443,1.84384
0.05017454671,1.018272,1.80334
0.05021236671,1.017397,1.83605
0.05025022671,1.015963,1.78633
0.05028808671,1.017618,1.8321
0.05032594671,1.019639,1.77742
0.05036382671,1.017446,1.81706
0.05040172671,1.016432,1.81046
0.05043962671,1.01719,1.78428
0.05047752671,1.01888,1.83111
0.05051544671,1.017318,1.80143
0.05055338671,1.018095,1.79404
0.05059132671,1.018572,1.84746
0.05062928671,1.017893,1.82003
0.05066724671,1.018463,1.8199
0.05070522671,1.019177,1.77643
0.05074320671,1.019308,1.84271
0.05078120671,1.016413,1.81976
0.05081920671,1.020003,1.79886
0.05085722671,1.018362,1.81666
0.05089524671,1.020048,1.79694
0.05093328671,1.021031,1.80776
0.05097132671,1.018283,1.81904
0.05100938671,1.019027,1.81864
0.05104738671,1.019192,1.83249
0.05108522671,1.016406,1.81185
0.05112306671,1.019654,1.84713
0.05116092671,1.018602,1.79549
0.05119878671,1.017081,1.8168
0.05123666671,1.018745,1.7792
0.05127456671,1.017157,1.81264
0.05131244671,1.017318,1.81686
0.05135036671,1.016432,1.78969
0.05138828671,1.017746,1.80769
0.05142620671,1.018178,1.81772
0.05146414671,1.018771,1.79444
0.05150208671,1.017757,1.78389
0.05154004671,1.020986,1.79945
0.05157802671,1.019913,1.80895
0.05161600671,1.019135,1.8199
0.05165398671,1.01793,1.83058
0.05169198671,1.01763,1.79279
0.05173000671,1.018178,1.79727
0.05176802671,1.017318,1.83981
0.05180604671,1.019244,1.804
0.05184410671,1.019436,1.79318
0.05188214671,1.016195,1.78059
0.05192022671,1.018704,1.82999
0.05195806671,1.017908,1.8222
0.05199590671,1.01885,1.80433
0.05203376671,1.018996,1.8317
0.05207162671,1.018182,1.78593
0.05210948671,1.020104,1.80084
0.05214736671,1.019263,1.78455
0.05218526671,1.017251,1.80235
0.05222316671,1.020829,1.82253
0.05226108671,1.01977,1.80585
0.05229900671,1.016961,1.84661
0.05233692671,1.016469,1.8137
0.05237486671,1.018114,1.792
0.05241282671,1.017108,1.7885
0.05245078671,1.016102,1.80499
0.05248876671,1.017036,1.82266
0.05252674671,1.019286,1.79892
0.05256474671,1.018797,1.8195
0.05260276671,1.019657,1.80407
0.05264076671,1.021512,1.80209
0.05267880671,1.021122,1.81099
0.05271684671,1.020938,1.79398
0.05275488671,1.019894,1.82102
0.05279294671,1.015925,1.78916
0.05283090671,1.017142,1.81831
0.05286872671,1.017036,1.78995
0.05290658671,1.017003,1.80018
0.05294444671,1.015411,1.82662
0.05298230671,1.015099,1.79701
0.05302018671,1.018418,1.82834
0.05305808671,1.013511,1.79853
0.05309598671,1.018182,1.79741
0.05313388671,1.016852,1.80354
0.05317180671,1.018553,1.79318
0.05320974671,1.019687,1.81633
0.05324768671,1.019526,1.78685
0.05328562671,1.019819,1.81647
0.05332358671,1.017097,1.77769
0.05336156671,1.018632,1.82359
0.05339954671,1.019593,1.82741
0.05343754671,1.017573,1.82451
0.05347554671,1.01962,1.81422
0.05351356671,1.019128,1.78118
0.05355158671,1.019353,1.8222
0.05358962671,1.018906,1.80875
0.05362766671,1.018512,1.79971
0.05366572671,1.019672,1.79734
0.05370374671,1.018238,1.81858
0.05374158671,1.019481,1.8224
0.05377942671,1.017833,1.79675
0.05381728671,1.018872,1.81943
0.05385514671,1.017127,1.81112
0.05389302671,1.01876,1.79332
0.05393090671,1.018572,1.83678
0.05396880671,1.019871,1.76252
0.05400672671,1.020573,1.80802
0.05404464671,1.018568,1.78943
0.05408256671,1.018542,1.79437
0.05412050671,1.017799,1.83374
0.05415844671,1.019702,1.80407
0.05419640671,1.01748,1.82352
0.05423438671,1.018681,1.78573
0.05427236671,1.019991,1.79074
0.05431034671,1.018505,1.85135
0.05434834671,1.018996,1.80176
0.05438636671,1.017104,1.84654
0.05442438671,1.018009,1.79233
0.05446242671,1.018073,1.79991
0.05450046671,1.016883,1.79457
0.05453852671,1.018001,1.79028
0.05457658671,1.01653,1.83381
0.05461446671,1.018606,1.79193
0.05465230671,1.019184,1.83302
0.05469016671,1.01748,1.78408
0.05472802671,1.018422,1.81831
0.05476588671,1.020251,1.82774
0.05480378671,1.019646,1.80651
0.05484166671,1.017915,1.81462
0.05487956671,1.020596,1.79938
0.05491748671,1.017663,1.81811
0.05495540671,1.0182,1.80459
0.05499334671,1.015921,1.80459
0.05503128671,1.019976,1.84562
0.05506924671,1.016864,1.79899
0.05510720671,1.017761,1.80934
0.05514518671,1.018959,1.80393
0.05518318671,1.016349,1.80961
0.05522116671,1.017431,1.83012
0.05525918671,1.018478,1.804
0.05529720671,1.017615,1.81086
0.05533522671,1.017562,1.79793
0.05537326671,1.019916,1.81561
0.05541132671,1.020675,1.79345
0.05544938671,1.019165,1.8044
0.05548726671,1.017138,1.8197
0.05552510671,1.019973,1.78448
0.05556294671,1.017911,1.79391
0.05560080671,1.018114,1.78336
0.05563868671,1.018208,1.79351
0.05567656671,1.019575,1.8375
0.05571444671,1.020127,1.81594
0.05575234671,1.019428,1.83216
0.05579026671,1.017258,1.78336
0.05582818671,1.017517,1.80605
0.05586610671,1.018903,1.78929
0.05590406671,1.017543,1.79945
0.05594200671,1.018264,1.80723
0.05597996671,1.018516,1.82022
0.05601794671,1.017066,1.83032
0.05605592671,1.018655,1.7829
0.05609392671,1.017585,1.80314
0.05613192671,1.018238,1.83473
0.05616994671,1.021077,1.80974
0.05620796671,1.020089,1.84891
0.05624600671,1.020326,1.80037
0.05628404671,1.019792,1.83394
0.05632210671,1.020059,1.80275
0.05636010671,1.01885,1.81785
0.05639794671,1.020093,1.82445
0.05643578671,1.019642,1.81416
0.05647364671,1.019338,1.83051
0.05651150671,1.018287,1.8131
0.05654938671,1.019304,1.80717
0.05658726671,1.017622,1.80928
0.05662516671,1.018906,1.79938
0.05666306671,1.017025,1.82352
0.05670098671,1.017164,1.79747
0.05673890671,1.018031,1.81046
0.05677684671,1.017048,1.7765
0.05681478671,1.020194,1.81844
0.05685274671,1.017468,1.85149
0.05689072671,1.016894,1.80004
0.05692868671,1.018219,1.82036
0.05696668671,1.017014,1.7858
0.05700468671,1.015092,1.80638
0.05704270671,1.01826,1.84832
0.05708072671,1.020119,1.79318
0.05711874671,1.015978,1.79318
0.05715678671,1.015951,1.8042
0.05719484671,1.019657,1.83651
0.05723290671,1.017468,1.79107
0.05727082671,1.018313,1.81719
0.0573086667,1.01891,1.82886
0.05734652671,1.017423,1.80347
0.05738436671,1.015122,1.82055
0.05742224671,1.017795,1.81726
0.05746012671,1.01808,1.79173
0.05749802671,1.018696,1.79609
0.05753592671,1.020281,1.79892
0.05757382671,1.019038,1.82741
0.05761174671,1.018065,1.79595
0.05764968671,1.017175,1.80605
0.05768762671,1.017157,1.79022
0.05772558671,1.017344,1.79239
0.05776354671,1.019188,1.82102
0.05780152671,1.021028,1.83315
0.05783950671,1.017003,1.81554
0.05787750671,1.020765,1.78956
0.05791550671,1.017461,1.81594
0.05795352671,1.016991,1.81475
0.05799154671,1.017074,1.79582
0.05802958671,1.01867,1.82946
0.05806762671,1.017187,1.80149
0.05810568671,1.017213,1.80149
0.05814374671,1.017371,1.79002
0.05818158671,1.017502,1.79094
0.05821942671,1.017945,1.81244
0.05825728671,1.017506,1.81607
0.05829514671,1.018448,1.82946
0.05833302671,1.0182,1.80882
0.05837092671,1.015099,1.79938
0.05840880671,1.016038,1.80921
0.05844672671,1.018771,1.78969
0.05848464671,1.019274,1.81831
0.05852256671,1.018016,1.80519
0.05856050671,1.017648,1.8226
0.05859846671,1.017648,1.77696
0.05863642671,1.017348,1.79239
0.05867438671,1.017277,1.82543
0.05871236671,1.016135,1.80018
0.05875036671,1.015824,1.81297
0.05878836671,1.017393,1.78916
0.05882638671,1.019154,1.81871
0.05886440671,1.019687,1.79094
0.05890244671,1.018208,1.79655
0.05894048671,1.016815,1.8348
0.05897854671,1.01968,1.79747
0.05901660671,1.016943,1.80196
0.05905448671,1.017697,1.8009
0.05909232671,1.016026,1.80064
0.05913016671,1.015358,1.8133
0.05916802671,1.01799,1.7945
0.05920590671,1.016774,1.83473
0.05924378671,1.016372,1.7827
0.05928168671,1.018298,1.82722
0.05931958671,1.016883,1.77386
0.05935750671,1.017066,1.79259
0.05939542671,1.018734,1.83665
0.05943336671,1.020266,1.80222
0.05947130671,1.020266,1.83586
0.05950926671,1.016469,1.77736
0.05954722671,1.019834,1.81851
0.05958520671,1.017292,1.84001
0.05962318671,1.01924,1.82227
0.05966118671,1.018298,1.82207
0.05969920671,1.016015,1.80018
0.05973722671,1.018734,1.81574
0.05977524671,1.016868,1.78791
0.05981328671,1.017585,1.79048
0.05985134671,1.017119,1.82497
0.05988940671,1.017018,1.79457
0.05992732671,1.018197,1.84377
0.05996516671,1.018963,1.79754
0.06000300671,1.015996,1.78956
0.06004086671,1.016237,1.82121
0.06007872671,1.018872,1.78461
0.06011660671,1.015167,1.83276
0.06015450671,1.016008,1.77525
0.06019240671,1.017115,1.80591
0.06023030671,1.016721,1.77874
0.06026822671,1.017389,1.80295
0.06030616671,1.016774,1.81614
0.06034410671,1.016473,1.81844
0.06038204671,1.018572,1.83097
0.06042000671,1.020296,1.80123
0.06045798671,1.019102,1.82543
0.06049596671,1.017134,1.81983
0.06053396671,1.015895,1.79938
0.06057196671,1.015876,1.81561
0.06060998671,1.017663,1.78817
0.06064800671,1.017739,1.8344
0.06068604671,1.019657,1.7732
0.06072408671,1.017592,1.8133
0.06076214671,1.016766,1.8257
0.06080018671,1.019064,1.798
0.06083802671,1.015336,1.82966
0.06087586671,1.018542,1.80532
0.06091372671,1.01858,1.81515
0.06095158671,1.01591,1.81165
0.06098946671,1.017483,1.79866
0.06102734671,1.018245,1.81165
0.06106524671,1.018561,1.81515
0.06110314671,1.016364,1.80532
0.06114106671,1.016901,1.79009
0.06117898671,1.019154,1.8191
0.06121692671,1.017787,1.82966
0.06125486671,1.01698,1.80895
0.06129282671,1.017198,1.8073
0.06133080671,1.016965,1.8067
0.06136878671,1.016327,1.81917
0.06140676671,1.019714,1.77736
0.06144476671,1.016563,1.79068
0.06148276671,1.018046,1.81389
0.06152078671,1.016263,1.79536
0.06155882671,1.015242,1.80657
0.06159686671,1.017266,1.74478
0.06163492671,1.018835,1.81647
0.06167298671,1.018471,1.82886
0.06171088671,1.017239,1.78712
0.06174872671,1.017483,1.81884
0.06178656671,1.018204,1.75282
0.06182442671,1.017769,1.80657
0.06186230671,1.017667,1.78573
0.06190018671,1.017675,1.81713
0.06193806671,1.017671,1.82537
0.06197596671,1.019856,1.80532
0.06201388671,1.017716,1.81574
0.06205180671,1.020082,1.80822
0.06208974671,1.018749,1.81198
0.06212768671,1.018839,1.78197
0.06216562671,1.017566,1.80684
0.06220360671,1.019774,1.82082
0.06224156671,1.017145,1.77835
0.06227954671,1.018219,1.84733
0.06231754671,1.017344,1.78639
0.06235556671,1.01864,1.7982
0.06239356671,1.016958,1.83764
0.06243160671,1.016931,1.80829
0.06246964671,1.018223,1.81172
0.06250768671,1.01879,1.80492
0.06254574671,1.018497,1.81112
0.06258372671,1.01751,1.83803
0.06262156671,1.016195,1.78613
0.06265940671,1.015482,1.8106
0.06269726671,1.018737,1.80057
0.06273512671,1.01665,1.80558
0.06277300671,1.016225,1.8193
0.06281088671,1.019199,1.82174
0.06284878671,1.018782,1.84707
0.06288670671,1.01826,1.79068
0.06292462671,1.019019,1.81145
0.06296254671,1.018441,1.79305
0.06300048671,1.017318,1.80849
0.06303842671,1.019222,1.78389
0.06307640671,1.018377,1.81152
0.06311436671,1.015771,1.81495
0.06315234671,1.018133,1.81627
0.06319034671,1.020029,1.83618
0.06322834671,1.018771,1.79002
0.06326634671,1.02051,1.81046
0.06330436671,1.019522,1.84469
0.06334240671,1.017374,1.81996
0.06338044671,1.016924,1.82055
0.06341850671,1.017175,1.77755
0.06345658671,1.017956,1.80578
0.06349444671,1.0182,1.79694
0.06353228671,1.017498,1.79879
0.06357014671,1.017303,1.80077
0.06360800671,1.016462,1.8013
0.06364586671,1.016469,1.8224
0.06368374671,1.014262,1.81871
0.06372164671,1.018058,1.79134
0.06375954671,1.017371,1.82471
0.06379746671,1.017517,1.80057
0.06383538671,1.017919,1.81046
0.06387332671,1.017761,1.77841
0.06391126671,1.018749,1.81778
0.06394922671,1.017033,1.79998
0.06398720671,1.016639,1.81811
0.06402516671,1.01653,1.84825
0.06406316671,1.017153,1.7916
0.06410116671,1.018719,1.82722
0.06413916671,1.016879,1.80433
0.06417718671,1.01701,1.80822
0.06421522671,1.01766,1.84067
0.06425326671,1.016969,1.81884
0.06429132671,1.02494,1.84186
0.06432938671,1.019102,1.8106
0.06436734671,1.017577,1.82966
0.06440518671,1.0157,1.78527
0.06444304671,1.016515,1.79391
0.06448090671,1.020262,1.85109
0.06451876671,1.01683,1.79556
0.06455664671,1.015302,1.82194
0.06459454671,1.018467,1.7949
0.06463244671,1.017926,1.77999
0.06467034671,1.017389,1.79226
0.06470828671,1.016342,1.81713
0.06474620671,1.015159,1.81205
0.06478414671,1.015966,1.80849
0.06482210671,1.016304,1.82055
0.06486006671,1.015948,1.80275
0.06489804671,1.015133,1.80301
0.06493602671,1.015621,1.82379
0.06497402671,1.015343,1.79859
0.06501202671,1.017081,1.81013
0.06505004671,1.01505,1.80163
0.06508806671,1.017682,1.81139
0.06512610671,1.016965,1.77584
0.06516414671,1.012523,1.804
0.06520220671,1.015628,1.82135
0.06524028671,1.017923,1.80822
0.06527814671,1.015219,1.8199
0.06531598671,1.016026,1.78309
0.06535384671,1.017254,1.80736
0.06539172671,1.014851,1.83183
0.06542960671,1.018805,1.79938
0.06546748671,1.015129,1.82853
0.06550538671,1.017739,1.79483
0.06554328671,1.016484,1.8133
0.06558120671,1.013454,1.80374
0.06561914671,1.019796,1.82583
0.06565708671,1.026371,1.8441
0.06569504671,1.017525,1.81389
0.06573300671,1.017705,1.80558
0.06577098671,1.01419,1.79022
0.06580896671,1.016815,1.80822
0.06584696671,1.01549,1.85096
0.06588496671,1.017401,1.79595
0.06592296671,1.015978,1.829
0.06596100671,1.017172,1.78877
0.06599904671,1.016522,1.81429
0.06603708671,1.017724,1.79516
0.06607514671,1.015268,1.83414
0.06611320671,1.018869,1.82761
0.06615104671,1.017089,1.81046
0.06618888671,1.016248,1.82266
0.06622674671,1.016886,1.80928
0.06626460671,1.016154,1.79068
0.06630248671,1.016308,1.80717
0.06634036671,1.014791,1.80235
0.06637826671,1.014848,1.81541
0.06641616671,1.015869,1.78013
0.06645408671,1.013432,1.80552
0.06649200671,1.015103,1.79793
0.06652994671,1.015253,1.81475
0.06656788671,1.015159,1.83612
0.06660584671,1.016969,1.80512
0.06664382671,1.016488,1.79938
0.06668180671,1.017908,1.7856
0.06671978671,1.016342,1.82181
0.06675778671,1.026172,1.82372
0.06679580671,1.01653,1.79266
0.06683382671,1.017374,1.80004
0.06687184671,1.013297,1.77485
0.06690990671,1.017652,1.82985
0.06694794671,1.017051,1.78982
0.06698600671,1.015613,1.8168
0.06702392671,1.015963,1.81271
0.06706176671,1.015306,1.79998
0.06709960671,1.016443,1.80374
0.06713746671,1.017581,1.80882
0.06717534671,1.017671,1.79754
0.06721322671,1.016117,1.83783
0.06725110671,1.018328,1.81778
0.06728900671,1.015595,1.82293
0.06732692671,1.017371,1.80624
0.06736484671,1.015936,1.81455
0.06740278671,1.017513,1.78883
0.06744072671,1.015613,1.81548
0.06747868671,1.015185,1.84964
0.06751664671,1.016083,1.7953
0.06755462671,1.015775,1.80842
0.06759260671,1.015058,1.79286
0.06763060671,1.017367,1.79701
0.06766860671,1.016484,1.81996
0.06770662671,1.016026,1.79107
0.06774464671,1.01683,1.83045
0.0677826867,1.015264,1.81554
0.0678207467,1.015347,1.83566
0.06785880671,1.016394,1.79675
0.06789678671,1.017607,1.8191
0.06793460671,1.017844,1.84641
0.06797246671,1.015598,1.79727
0.06801030671,1.016293,1.8168
0.06804818671,1.01992,1.8193
0.06808606671,1.016327,1.79549
0.06812394671,1.017682,1.7792
0.06816184671,1.017344,1.79721
0.06819976671,1.018493,1.80842
0.06823768671,1.017303,1.79259
0.06827560671,1.015414,1.80947
0.06831354671,1.01576,1.80796
0.06835150671,1.01683,1.80268
0.06838944671,1.016849,1.84779
0.06842742671,1.018133,1.79371
0.06846540671,1.016849,1.83124
0.06850340671,1.017941,1.79272
0.06854140671,1.017401,1.83625
0.06857940671,1.017528,1.78923
0.06861744671,1.014311,1.78976
0.06865548671,1.015831,1.83546
0.06869352671,1.016026,1.80209
0.06873158671,1.01514,1.80545
0.06876964671,1.016852,1.79464
0.06880748671,1.016747,1.80552
0.06884534671,1.018546,1.80822
0.06888318671,1.015895,1.80242
0.06892106671,1.016244,1.81739
0.06895892671,1.018107,1.80499
0.06899682671,1.017645,1.80545
0.06903470671,1.017532,1.78263
0.06907262671,1.015092,1.80308
0.06911052671,1.017941,1.82471
0.06914846671,1.01656,1.81739
0.06918638671,1.017626,1.82161
0.06922434671,1.015114,1.79549
0.06926230671,1.016811,1.79226
0.06930026671,1.016943,1.8284
0.06933824671,1.01567,1.82049
0.06937622671,1.016162,1.8282
0.06941422671,1.018005,1.77854
0.06945224671,1.015185,1.81561
0.06949026671,1.015662,1.77802
0.06952828671,1.015279,1.80308
0.06956632671,1.015595,1.84423
0.06960438671,1.014348,1.7765
0.06964244671,1.016064,1.80829
0.06968032671,1.015887,1.8106
0.06971816671,1.016342,1.78158
0.06975602671,1.014157,1.83711
0.06979388671,1.016901,1.80426
0.06983174671,1.015707,1.80605
0.06986962671,1.01549,1.79318
0.06990752671,1.018283,1.82069
0.06994542671,1.013267,1.79721
0.06998334671,1.015929,1.78065
0.07002126671,1.015441,1.84093
0.07005918671,1.016931,1.80268
0.07009714671,1.015347,1.82656
0.07013508671,1.015152,1.79668
0.07017304671,1.016192,1.80835
0.07021102671,1.017108,1.81647
0.07024900671,1.016026,1.79912
0.07028700671,1.016477,1.82893
0.07032500671,1.011217,1.78811
0.07036302671,1.014532,1.79694
0.07040104671,1.018643,1.78679
0.07043908671,1.019057,1.81897
0.07047714671,1.016672,1.81231
0.07051518671,1.017513,1.81139
0.07055316671,1.016338,1.8197
0.07059100671,1.018925,1.81805
0.07062884671,1.017112,1.80222
0.07066670671,1.017044,1.81086
0.07070456671,1.019184,1.81607
0.07074244671,1.017648,1.81831
0.07078032671,1.017266,1.81666
0.07081822671,1.017213,1.81924
0.07085614671,1.01686,1.78797
0.07089406671,1.017637,1.81126
0.07093198671,1.013736,1.82919
0.07096992671,1.0152,1.78976
0.07100786671,1.018475,1.85129
0.07104582671,1.017461,1.78316
0.07108380671,1.017303,1.81409
0.07112178671,1.016004,1.78877
0.07115976671,1.01386,1.81937
0.07119776671,1.017975,1.83915
0.07123578671,1.017296,1.81429
0.07127380671,1.01665,1.8067
0.07131182671,1.017183,1.79879
0.07134988671,1.0146,1.79912
0.07138794671,1.015565,1.83902
0.07142600671,1.017547,1.81132
0.07146386671,1.017577,1.84298
0.07150170671,1.01787,1.78046
0.07153956671,1.017652,1.83546
0.07157742671,1.016909,1.79609
0.07161530671,1.016729,1.81917
0.07165318671,1.015651,1.83869
0.07169106671,1.019143,1.80143
0.07172898671,1.015895,1.80947
0.07176688671,1.017709,1.78666
0.07180482671,1.017521,1.81996
0.07184274671,1.018497,1.82425
0.07188070671,1.016732,1.78936
0.07191864671,1.017183,1.81864
0.07195662671,1.016751,1.79048
0.07199460671,1.017566,1.8098
0.07203258671,1.017675,1.78342
0.07207058671,1.018234,1.79648
0.07210858671,1.015884,1.8439
0.07214660671,1.017003,1.79543
0.07218464671,1.016627,1.82609
0.07222268671,1.019376,1.78494
0.07226072671,1.015523,1.81145
0.07229880671,1.018129,1.83671
0.07233676671,1.015981,1.79002
0.07237460671,1.015234,1.81046
0.07241244671,1.016804,1.78046
0.07245030671,1.017784,1.83546
0.07248818671,1.016522,1.81495
0.07252606671,1.017423,1.81191
0.07256394671,1.015933,1.83948
0.07260184671,1.015452,1.82062
0.07263976671,1.01653,1.8104
0.07267768671,1.016038,1.7947
0.07271560671,1.017457,1.82207
0.07275356671,1.017205,1.84377
0.07279150671,1.011142,1.81607
0.07282946671,1.015655,1.83665
0.07286744671,1.01751,1.79391
0.07290542671,1.014757,1.80605
0.07294342671,1.014029,1.77617
0.07298142671,1.019432,1.81066
0.07301944671,1.015084,1.82583
0.07305746671,1.016751,1.79714
0.07309550671,1.017258,1.82412
0.07313354671,1.016909,1.79371
0.07317160671,1.015872,1.83632
0.07320964671,1.016845,1.82788
0.07324748671,1.017288,1.8038
0.07328534671,1.016072,1.80842
0.07332318671,1.015677,1.79213
0.07336106671,1.016541,1.7947
0.07339892671,1.015433,1.8133
0.07343682671,1.015328,1.79793
0.07347472671,1.017528,1.84245
0.07351262671,1.015118,1.81304
0.07355054671,1.016432,1.81798
0.07358846671,1.015955,1.77835
0.07362640671,1.018193,1.79965
0.07366434671,1.016567,1.81238
0.07370232671,1.018985,1.78415
0.07374028671,1.017449,1.83012
0.07377826671,1.015869,1.80492
0.07381626671,1.013856,1.8106
0.07385426671,1.015542,1.80717
0.07389226671,1.006951,1.81271
0.07393030671,1.015212,1.82524
0.07396832671,1.015535,1.76047
0.07400636671,1.015989,1.8075
0.07404442671,1.017408,1.81581
0.07408250671,1.016267,1.81996
0.07412036671,1.017277,1.78771
0.07415820671,1.016684,1.79074
0.07419606671,1.015786,1.82379
0.07423392671,1.013473,1.7891
0.07427178671,1.016192,1.84799
0.07430966671,1.016961,1.77868
0.07434756671,1.016766,1.79167
0.07438546671,1.016991,1.84496
0.07442338671,1.016849,1.8164
0.07446130671,1.017498,1.8164
0.07449924671,1.01451,1.78962
0.07453718671,1.015963,1.81838
0.07457514671,1.02304,1.79892
0.07461310671,1.01508,1.82075
0.07465108671,1.015429,1.8193
0.07468906671,1.016627,1.78633
0.07472706671,1.013316,1.83328
0.07476506671,1.017652,1.78943
0.07480308671,1.015163,1.7949
0.07484112671,1.011731,1.82682
0.07487916671,1.014735,1.79681
0.07491720671,1.012752,1.83335
0.07495526671,1.016623,1.78593
0.07499320671,1.013417,1.81191
0.07503104671,1.015621,1.78619
0.07506890671,1.015039,1.79958
0.07510676671,1.018399,1.84449
0.07514462671,1.014611,1.81567
0.07518250671,1.015148,1.81323
0.07522040671,1.017303,1.80123
0.07525830671,1.017419,1.79193
0.07529620671,1.016361,1.82253
0.07533412671,1.018298,1.79351
0.07537206671,1.013988,1.79675
0.07541000671,1.015448,1.79932
0.07544794671,1.0127,1.80473
0.07548590671,1.014754,1.80295
0.07552388671,1.014817,1.81007
0.07556186671,1.015347,1.82629
0.07559986671,1.015486,1.80288
0.07563786671,1.016548,1.80605
0.07567588671,1.015876,1.78527
0.07571390671,1.016015,1.7918
0.07575194671,1.014258,1.85023
0.07578998671,1.012786,1.78976
0.07582804671,1.014919,1.81251
0.07586610671,1.015294,1.79576
0.07590394671,1.013976,1.81409
0.07594178671,1.01609,1.7637
0.07597964671,1.016695,1.79503
0.07601750671,1.017051,1.82735
0.07605538671,1.014314,1.78916
0.07609326671,1.015061,1.81027
0.07613114671,1.01573,1.78204
0.07616906671,1.013507,1.80967
0.07620696671,1.016094,1.79701
0.07624490671,1.014472,1.82062
0.07628284671,1.013642,1.83553
0.07632078671,1.016391,1.7949
0.07635874671,1.013308,1.80585
0.07639670671,1.016729,1.79213
0.07643468671,1.016379,1.79609
0.07647268671,1.017157,1.83276
0.07651068671,1.01701,1.79899
0.07654868671,1.014663,1.84806
0.07658670671,1.017066,1.80479
0.07662474671,1.016008,1.80374
0.07666278671,1.015658,1.76179
0.07670082671,1.015948,1.79299
0.07673890671,1.015651,1.83276
0.07677682671,1.015257,1.78956
0.07681468671,1.017142,1.82596
0.07685252671,1.016323,1.79866
0.07689038671,1.016601,1.81772
0.07692826671,1.013958,1.83427
0.07696614671,1.015497,1.81297
0.07700404671,1.015155,1.85003
0.07704194671,1.015077,1.79226
0.07707984671,1.01689,1.80703
0.07711778671,1.015321,1.74999
0.07715570671,1.014243,1.7856
0.07719366671,1.014787,1.83612
0.07723160671,1.015035,1.82919
0.07726958671,1.01558,1.82102
0.07730754671,1.016503,1.77894
0.07734554671,1.015148,1.80868
0.07738352671,1.01505,1.82583
0.07742154671,1.016451,1.78013
0.07745956671,1.017374,1.82682
0.07749758671,1.014434,1.81548
0.07753562671,1.0157,1.82016
0.07757368671,1.015951,1.77505
0.07761174671,1.017506,1.80202
0.07764964671,1.015343,1.80901
0.07768748671,1.013469,1.8067
0.07772532671,1.01784,1.79022
0.07776318671,1.018467,1.79516
0.07780104671,1.017603,1.79846
0.07783892671,1.01454,1.83803
0.07787682671,1.016819,1.81403
0.07791472671,1.017641,1.82972
0.07795262671,1.017051,1.79477
0.07799054671,1.016725,1.79503
0.07802848671,1.014536,1.79793
0.07806642671,1.015719,1.81574
0.07810436671,1.015185,1.85182
0.07814234671,1.014648,1.79549
0.07818030671,1.017093,1.82306
0.07821828671,1.015782,1.78923
0.07825628671,1.017243,1.8106
0.0782942867,1.016301,1.8007
0.07833230671,1.017615,1.79318
0.07837032671,1.016188,1.84172
0.07840836671,1.015933,1.78804
0.07844640671,1.017506,1.8414
0.07848446671,1.013702,1.8135
0.07852250671,1.017483,1.79206
0.07856032671,1.016935,1.84304
0.07859818671,1.015576,1.79833
0.07863602671,1.016792,1.8104
0.07867388671,1.016496,1.80565
0.07871176671,1.015704,1.81093
0.07874964671,1.013462,1.80855
0.07878754671,1.015704,1.81693
0.07882546671,1.015358,1.82656
0.07886336671,1.018321,1.79384
0.07890130671,1.016623,1.79398
0.07893922671,1.01508,1.78164
0.07897718671,1.016473,1.81924
0.07901514671,1.015046,1.82148
0.07905310671,1.0157,1.79892
0.07909108671,1.0157,1.82636
0.07912906671,1.016575,1.78336
0.07916706671,1.015704,1.81429
0.07920508671,1.014968,1.76403
0.07924310671,1.014378,1.8067
0.07928112671,1.017085,1.84351
0.07931918671,1.015981,1.79378
0.07935722671,1.016623,1.79503
0.07939528671,1.012662,1.7614
0.07943316671,1.013004,1.82003
0.07947098671,1.016747,1.83586
0.07950884671,1.014247,1.80598
0.07954670671,1.015336,1.8098
0.07958458671,1.014194,1.81943
0.07962246671,1.015478,1.81152
0.07966034671,1.016394,1.7887
0.07969824671,1.013409,1.79978
0.07973616671,1.015441,1.82596
0.07977408671,1.015824,1.79154
0.07981202671,1.013139,1.84304
0.07984996671,1.015948,1.79206
0.07988792671,1.015617,1.83243
0.07992588671,1.013751,1.76858
0.07996384671,1.015208,1.78903
0.08000184671,1.014172,1.79991
0.08003984671,1.013507,1.79121
0.08007784671,1.014314,1.82972
0.08011586671,1.017495,1.80202
0.08015388671,1.01502,1.79312
0.08019192671,1.015122,1.81383
0.08022996671,1.015805,1.80631
0.08026802671,1.016635,1.82042
0.08030596671,1.013935,1.79813
0.08034380671,1.006745,1.81185
0.08038164671,1.016635,1.78758
0.08041950671,1.016135,1.81297
0.08045736671,1.015527,1.82154
0.08049524671,1.01609,1.79365
0.08053314671,1.017266,1.8259
0.08057104671,1.016271,1.80136
0.08060894671,1.01799,1.79173
0.08064686671,1.01529,1.83104
0.08068480671,1.01561,1.80426
0.08072274671,1.014277,1.82642
0.08076070671,1.015448,1.79088
0.08079866671,1.015399,1.82939
0.08083662671,1.013725,1.78995
0.08087462671,1.014693,1.8104
0.08091260671,1.014434,1.84773
0.08095060671,1.011731,1.80103
0.08098862671,1.013117,1.81205
0.08102666671,1.022458,1.79022
0.08106468671,1.014705,1.81132
0.08110274671,1.014078,1.84707
0.08114080671,1.014036,1.79444
0.08117880671,1.013687,1.84041
0.08121662671,1.016252,1.78481
0.08125446671,1.01377,1.80961
0.08129232671,1.015129,1.7945
0.08133018671,1.013961,1.80354
0.08136806671,1.014036,1.83744
0.08140594671,1.015674,1.78976
0.08144384671,1.014198,1.81442
0.08148174671,1.015077,1.79371
0.08151966671,1.014806,1.82999
0.08155758671,1.016083,1.81983
0.08159552671,1.016871,1.8377
0.08163348671,1.015362,1.83711
0.08167144671,1.0138,1.80638
0.08170940671,1.015054,1.8131
0.08174738671,1.015756,1.77531
0.08178536671,1.017457,1.7953
0.08182336671,1.01546,1.83091
0.08186138671,1.014648,1.81119
0.08189940671,1.014341,1.81673
0.08193742671,1.015869,1.81818
0.08197546671,1.013642,1.78257
0.08201352671,1.013289,1.77037
0.08205158671,1.014183,1.80545
0.08208948671,1.015125,1.80914
0.08212732671,1.015043,1.7792
0.08216516671,1.01579,1.80809
0.08220304671,1.013327,1.79028
0.08224090671,1.015058,1.83401
0.08227878671,1.014555,1.83711
0.08231668671,1.013804,1.8352
0.08235458671,1.014521,1.80605
0.08239250671,1.015148,1.79134
0.08243042671,1.015039,1.81178
0.08246836671,1.014968,1.767
0.08250630671,1.015767,1.80941
0.08254426671,1.013432,1.83262
0.08258222671,1.014648,1.80769
0.08262020671,1.015418,1.82306
0.08265818671,1.014175,1.78712
0.08269618671,1.015152,1.77947
0.08273418671,1.013935,1.84938
0.08277220671,1.016278,1.78976
0.08281024671,1.023735,1.79668
0.08284828671,1.015448,1.81765
0.08288632671,1.015857,1.83605
0.08292438671,1.017483,1.79226
0.08296236671,1.016,1.80189
0.08300020671,1.014757,1.81416
0.08303804671,1.016154,1.80308
0.08307590671,1.013781,1.80855
0.08311376671,1.014641,1.79787
0.08315164671,1.014938,1.81416
0.08318954671,1.015174,1.84858
0.08322744671,1.012182,1.80717
0.08326536671,1.016105,1.85089
0.08330328671,1.014119,1.77511
0.08334120671,1.014157,1.82412
0.08337914671,1.013488,1.80407
0.08341710671,1.012467,1.81719
0.08345506671,1.014581,1.81759
0.08349302671,1.013222,1.80862
0.08353102671,1.015043,1.82306
0.08356900671,1.012572,1.77887
0.08360702671,1.014123,1.8133
0.08364502671,1.015437,1.83731
0.08368306671,1.014701,1.80736
0.08372108671,1.013826,1.82082
0.08375914671,1.015448,1.80499
0.08379720671,1.013372,1.80585
0.08383518671,1.013199,1.80268
0.08387302671,1.01297,1.79938
0.08391086671,1.013751,1.81739
0.08394872671,1.014367,1.8131
0.08398658671,1.014277,1.83249
0.08402446671,1.012801,1.79061
0.08406234671,1.011592,1.81013
0.08410024671,1.015647,1.78725
0.08413814671,1.015336,1.80222
0.08417606671,1.013856,1.80802
0.08421398671,1.012996,1.7761
0.08425192671,1.014926,1.83315
0.08428986671,1.016447,1.79602
0.08432782671,1.013286,1.79536
0.08436578671,1.01395,1.85003
0.08440376671,1.013901,1.80954
0.08444176671,1.014986,1.84878
0.08447976671,1.014209,1.81185
0.08451776671,1.015839,1.81943
0.08455578671,1.016928,1.80453
0.08459382671,1.013822,1.80506
0.08463186671,1.01546,1.83348
0.08466992671,1.016469,1.80822
0.08470798671,1.014081,1.84825
0.08474590671,1.012399,1.79595
0.08478374671,1.015103,1.82141
0.08482160671,1.014217,1.83487
0.08485946671,1.016469,1.81
0.08489732671,1.013402,1.81363
0.08493520671,1.013545,1.79886
0.08497310671,1.01327,1.79015
0.08501100671,1.011697,1.78857
0.08504892671,1.014701,1.81185
0.08508684671,1.01371,1.82656
0.08512478671,1.013567,1.79741
0.08516272671,1.012448,1.8075
0.08520068671,1.015666,1.78929
0.08523864671,1.012929,1.80697
0.08527662671,1.014615,1.79839
0.08531460671,1.013976,1.78006
0.08535260671,1.014269,1.82128
0.08539062671,1.015103,1.78481
0.08542864671,1.014502,1.81818
0.08546666671,1.015628,1.76826
0.08550470671,1.014502,1.8075
0.08554276671,1.015403,1.81257
0.08558082671,1.016026,1.79332
0.08561882671,1.015152,1.816
0.08565666671,1.015861,1.79952
0.08569450671,1.017498,1.82418
0.08573236671,1.015782,1.79721
0.08577024671,1.017134,1.81897
0.08580812671,1.014371,1.83111
0.08584600671,1.016826,1.79272
0.08588390671,1.015095,1.80677
0.08592182671,1.016398,1.7734
0.08595974671,1.013094,1.81528
0.08599768671,1.014878,1.82748
0.08603562671,1.012399,1.80215
0.08607356671,1.013199,1.83084
0.08611152671,1.014994,1.79813
0.08614950671,1.013473,1.83262
0.08618748671,1.013064,1.78514
0.08622548671,1.015366,1.81719
0.08626348671,1.013304,1.84357
0.08630150671,1.01558,1.80572
0.08633952671,1.015452,1.81119
0.08637756671,1.015869,1.77854
0.08641560671,1.013995,1.82253
0.08645366671,1.014919,1.82253
0.08649172671,1.015658,1.80743
0.08652956671,1.014029,1.81191
0.08656740671,1.015583,1.77182
0.08660524671,1.015287,1.79866
0.08664312671,1.015542,1.79919
0.08668098671,1.015351,1.80947
0.08671888671,1.015238,1.8381
0.08675676671,1.013391,1.78507
0.08679468671,1.013379,1.8007
0.08683260671,1.015298,1.79107
0.08687052671,1.013657,1.80037
0.08690846671,1.014341,1.84172
0.08694640671,1.018399,1.79074
0.08698436671,1.017419,1.81673
0.08702232671,1.015925,1.80235
0.08706030671,1.012437,1.79694
0.08709830671,1.013481,1.79774
0.08713630671,1.01463,1.80314
0.08717430671,1.014333,1.84957
0.08721232671,1.012974,1.79259
0.08725036671,1.013676,1.81871
0.08728840671,1.01454,1.77993
0.08732646671,1.014036,1.81073
0.08736452671,1.01413,1.83018
0.08740250671,1.015077,1.81548
0.08744034671,1.018309,1.84944
0.08747818671,1.016541,1.78349
0.08751604671,1.014408,1.81501
0.08755392671,1.01362,1.81765
0.08759180671,1.014078,1.82029
0.08762968671,1.015422,1.82128
0.08766760671,1.015628,1.80064
0.08770550671,1.012767,1.8166
0.08774342671,1.014296,1.78791
0.08778136671,1.013376,1.82649
0.08781930671,1.01451,1.78316
0.08785726671,1.015565,1.79589
0.08789522671,1.013282,1.81521
0.08793320671,1.012189,1.79648
0.08797118671,1.014251,1.80842
0.08800918671,1.013383,1.81119
0.08804720671,1.013909,1.8069
0.08808522671,1.012523,1.82491
0.08812324671,1.014581,1.81844
0.08816128671,1.012666,1.85155
0.08819934671,1.016346,1.79727
0.08823740671,1.012891,1.83078
0.08827532671,1.013973,1.80684
0.08831314671,1.015298,1.80849
0.08835100671,1.013327,1.82919
0.08838886671,1.01523,1.83447
0.08842672671,1.015129,1.82069
0.08846460671,1.015238,1.79754
0.08850250671,1.016785,1.80994
0.08854040671,1.014844,1.83104
0.08857830671,1.015377,1.80182
0.08861622671,1.01564,1.82121
0.08865416671,1.016289,1.79213
0.08869210671,1.016128,1.83374
0.08873004671,1.01594,1.77986
0.0887680067,1.014543,1.82966
0.08880598671,1.015178,1.84074
0.08884396671,1.003718,1.7949
0.08888196671,1.015399,1.80743
0.08891996671,1.014281,1.80769
0.08895798671,1.014953,1.7918
0.08899600671,1.013702,1.79193
0.08903404671,1.013642,1.79233
0.08907208671,1.012531,1.8439
0.08911014671,1.013177,1.79839
0.08914820671,1.016376,1.81983
0.08918606671,1.015726,1.7856
0.08922390671,1.013511,1.7978
0.08926176671,1.01356,1.8408
0.08929962671,1.012963,1.82075
0.08933750671,1.013567,1.79503
0.08937538671,1.012486,1.79793
0.08941328671,1.014055,1.80321
0.08945118671,1.014926,1.82669
0.08948910671,1.016259,1.79523
0.08952702671,1.015332,1.82537
0.08956496671,1.016789,1.80189
0.08960290671,1.014667,1.80341
0.08964086671,1.015482,1.76087
0.08967882671,1.014093,1.81515
0.08971680671,1.014964,1.83124
0.08975480671,1.015362,1.78916
0.08979280671,1.01493,1.82181
0.08983080671,1.015279,1.78039
0.08986882671,1.011044,1.79919
0.08990684671,1.012707,1.83309
0.08994490671,1.012399,1.81785
0.08998294671,1.013522,1.84291
0.09002100671,1.013777,1.81126
0.09005894671,1.013946,1.83421
0.09009678671,1.013364,1.76417
0.09013464671,1.015279,1.79833
0.09017250671,1.015129,1.80994
0.09021036671,1.015512,1.79206
0.09024824671,1.013627,1.85069
0.09028614671,1.01315,1.79107
0.09032404671,1.013988,1.81996
0.09036196671,1.013379,1.80934
0.09039988671,1.013379,1.79622
0.09043780671,1.015625,1.80532
0.09047576671,1.013548,1.8009
0.09051370671,1.015775,1.80638
0.09055166671,1.014581,1.804
0.09058964671,1.016229,1.81884
0.09062762671,1.013124,1.84252
0.09066562671,1.017288,1.80321
0.09070364671,1.015951,1.80585
0.09074164671,1.014194,1.75988
0.09077968671,1.013871,1.81614
0.09081772671,1.014468,1.8195
0.09085576671,1.014175,1.81376
0.09089382671,1.017251,1.83447
0.09093178671,1.014288,1.77109
0.09096962671,1.012752,1.83328
0.09100746671,1.01579,1.78019
0.09104532671,1.015651,1.80598
0.09108318671,1.014081,1.81205
0.09112106671,1.01261,1.81917
0.09115896671,1.01353,1.79114
0.09119684671,1.013304,1.81185
0.09123476671,1.011776,1.81752
0.09127268671,1.013533,1.84931
0.09131060671,1.013961,1.80446
0.09134854671,1.012955,1.82847
0.09138650671,1.013796,1.79945
0.09142446671,1.011558,1.79239
0.09146242671,1.012711,1.78164
0.09150040671,1.011525,1.81093
0.09153840671,1.013781,1.83889
0.09157640671,1.014003,1.78699
0.09161442671,1.013308,1.8013
0.09165244671,1.015719,1.80143
0.09169048671,1.015159,1.80895
0.09172852671,1.014066,1.81528
0.09176658671,1.014311,1.80473
0.09180464671,1.01457,1.84812
0.09184250671,1.01508,1.80248
0.09188036671,1.015681,1.80756
0.09191820671,1.013638,1.79549
0.09195606671,1.013049,1.78422
0.09199394671,1.012625,1.82491
0.09203182671,1.015557,1.84964
0.09206972671,1.013105,1.83454
0.09210762671,1.011678,1.80849
0.09214554671,1.013484,1.7982
0.09218348671,1.012734,1.77993
0.09222140671,1.012486,1.80506
0.09225936671,1.01226,1.83487
0.09229732671,1.011404,1.79477
0.09233528671,1.014205,1.79272
0.09237326671,1.01359,1.76186
0.09241124671,1.011851,1.79708
0.09244924671,1.014333,1.82596
0.09248726671,1.01386,1.81614
0.09252528671,1.012463,1.84265
0.09256332671,1.015073,1.79061
0.09260136671,1.012621,1.80591
0.09263940671,1.012805,1.79675
0.09267746671,1.014461,1.80947
0.09271538671,1.013766,1.80585
0.09275322671,1.012628,1.79615
0.09279106671,1.014528,1.79444
0.09282892671,1.013402,1.79114
0.09286680671,1.012272,1.85089
0.09290468671,1.013875,1.84522
0.09294256671,1.01404,1.82069
0.09298046671,1.014633,1.84067
0.09301838671,1.01315,1.77868
0.09305630671,1.016233,1.81145
0.09309424671,1.012625,1.79708
0.09313218671,1.013466,1.79688
0.09317014671,1.013499,1.83579
0.09320810671,1.013774,1.8168
0.09324606671,1.013496,1.81614
0.09328404671,1.01371,1.77854
0.09332204671,1.015595,1.81798
0.09336004671,1.014611,1.80888
0.09339806671,1.011262,1.8166
0.09343610671,1.011468,1.82946
0.09347412671,1.012516,1.79127
0.09351218671,1.01199,1.80605
0.09355024671,1.016582,1.79576
0.09358824671,1.014449,1.82253
0.09362606671,1.016199,1.82438
0.09366392671,1.016533,1.81218
0.09370176671,1.015636,1.85063
0.09373964671,1.013638,1.78079
0.09377752671,1.0122,1.81811
0.09381540671,1.014787,1.78699
0.09385330671,1.014446,1.81838
0.09389120671,1.012948,1.83289
0.09392912671,1.013691,1.80103
0.09396704671,1.01264,1.82247
0.09400498671,1.013751,1.79523
0.09404294671,1.016042,1.80539
0.09408090671,1.013094,1.84792
0.09411886671,1.012471,1.8137
0.09415684671,1.012749,1.80796
0.09419482671,1.013387,1.79609
0.09423284671,1.015129,1.81567
0.09427084671,1.014243,1.75078
0.09430886671,1.016075,1.79714
0.09434690671,1.014528,1.81468
0.09438494671,1.015643,1.79813
0.09442300671,1.011825,1.83612
0.09446106671,1.013781,1.77689
0.09449894671,1.013132,1.79952
0.09453678671,1.01312,1.84252
0.09457464671,1.012647,1.79945
0.09461250671,1.013879,1.8098
0.09465036671,1.01312,1.81666
0.09468826671,1.012677,1.80934
0.09472614671,1.014352,1.7823
0.09476404671,1.012264,1.81567
0.09480196671,1.012538,1.83533
0.09483988671,1.012388,1.80374
0.09487782671,1.016301,1.80545
0.09491576671,1.016699,1.8164
0.09495372671,1.013852,1.81574
0.09499168671,1.013473,1.81066
0.09502966671,1.013327,1.80677
0.09506764671,1.015538,1.81653
0.09510564671,1.01493,1.79384
0.09514364671,1.016541,1.81119
0.09518166671,1.015876,1.80776
0.09521970671,1.014352,1.79813
0.09525774671,1.018835,1.8191
0.09529580671,1.013398,1.79312
0.09533386671,1.013011,1.81798
0.09537186671,1.0127,1.78791
0.09540970671,1.013105,1.80802
0.09544754671,1.011923,1.85096
0.09548540671,1.01211,1.80717
0.09552328671,1.013331,1.83229
0.09556116671,1.013684,1.78844
0.09559904671,1.013661,1.80862
0.09563694671,1.011592,1.78877
0.09567486671,1.013597,1.80242
0.09571278671,1.0127,1.84839
0.09575070671,1.015084,1.81449
0.09578864671,1.014416,1.81093
0.09582660671,1.014446,1.79774
0.09586456671,1.015377,1.7951
0.09590252671,1.014363,1.77624
0.09594052671,1.012872,1.80275
0.09597850671,1.014284,1.81323
0.09601652671,1.013815,1.80209
0.09605452671,1.014633,1.81053
0.09609256671,1.011667,1.80492
0.09613060671,1.014611,1.81205
0.09616864671,1.014438,1.82194
0.09620670671,1.012572,1.82016
0.09624472671,1.014258,1.78962
0.09628256671,1.011416,1.7821
0.09632040671,1.013038,1.80684
0.09635826671,1.014378,1.76258
0.09639614671,1.014247,1.79938
0.09643400671,1.013387,1.83117
0.09647190671,1.013834,1.80763
0.09650980671,1.011588,1.84047
0.09654770671,1.012719,1.79351
0.09658562671,1.014802,1.81831
0.09662354671,1.011772,1.8168
0.09666148671,1.015242,1.8069
0.09669944671,1.011983,1.81811
0.09673738671,1.01401,1.79384
0.09677536671,1.013147,1.81521
0.09681334671,1.011404,1.80321
0.09685134671,1.015163,1.81726
0.09688934671,1.011735,1.85175
0.09692734671,1.015092,1.79022
0.09696536671,1.010834,1.80664
0.09700340671,1.012857,1.79582
0.09704144671,1.014213,1.79859
0.09707950671,1.01321,1.84311
0.09711756671,1.013789,1.79503
0.09715546671,1.013094,1.8166
0.09719330671,1.010785,1.78791
0.09723114671,1.014112,1.79253
0.09726900671,1.01258,1.77729
0.09730688671,1.012426,1.80994
0.09734476671,1.01386,1.85195
0.09738266671,1.013244,1.81488
0.09742056671,1.012118,1.82036
0.09745846671,1.011592,1.77129
0.09749638671,1.012726,1.81
0.09753432671,1.014615,1.82036
0.09757226671,1.014648,1.79998
0.09761022671,1.012591,1.86448
0.09764818671,1.013991,1.80776
0.09768616671,1.015471,1.84601
0.09772414671,1.013984,1.78309
0.09776212671,1.011893,1.80229
0.09780014671,1.013225,1.86797
0.09783814671,1.011427,1.80004
0.09787618671,1.0116,1.81436
0.09791422671,1.013548,1.78771
0.09795226671,1.011555,1.80268
0.09799032671,1.012414,1.76318
0.09802830671,1.015486,1.82392
0.09806614671,1.015565,1.82649
0.09810398671,1.015107,1.79787
0.09814184671,1.013447,1.81561
0.09817972671,1.013045,1.77505
0.09821760671,1.01249,1.82649
0.09825548671,1.01377,1.82121
0.09829338671,1.013518,1.81224
0.09833130671,1.01303,1.82398
0.09836922671,1.012118,1.81152
0.09840714671,1.010969,1.80169
0.09844508671,1.011934,1.78026
0.09848304671,1.012839,1.7945
0.09852100671,1.01166,1.83546
0.09855898671,1.011401,1.80961
0.09859696671,1.013398,1.80611
0.09863496671,1.012324,1.83249
0.09867296671,1.014742,1.79602
0.09871098671,1.01163,1.83592
0.09874900671,1.011878,1.80229
0.09878704671,1.013973,1.83632
0.09882508671,1.015565,1.7891
0.09886314671,1.011228,1.8474
0.09890114671,1.012704,1.79404
0.09893898671,1.015317,1.77782
0.09897682671,1.013852,1.81798
0.09901468671,1.009876,1.80182
0.09905254671,1.011543,1.82359
0.09909042671,1.01315,1.80004
0.09912830671,1.013815,1.8168
0.09916620671,1.011859,1.85459
0.09920410671,1.012433,1.78026
0.0992420267,1.01208,1.83348
0.0992799467,1.012245,1.77868
0.09931788671,1.01377,1.83051
0.09935582671,1.015508,1.80374
0.09939378671,1.01609,1.79061
0.09943174671,1.012925,1.83163
0.09946972671,1.013413,1.79497
0.09950770671,1.01312,1.83533
0.09954570671,1.013184,1.79998
0.09958372671,1.012797,1.79688
0.09962174671,1.012647,1.8652
0.09965978671,1.011209,1.79965
0.09969782671,1.012208,1.81963
0.09973588671,1.01125,1.80433
0.09977394671,1.012069,1.85017
0.09981184671,1.01214,1.77907
0.09984968671,1.013263,1.79648
0.09988754671,1.012486,1.81455
0.09992540671,1.014059,1.81337
0.09996328671,1.014472,1.84819
